time=2026-02-10T04:41:54.751Z level=INFO msg="Daemon started" interval=5s auto_commit=false auto_push=false
time=2026-02-10T04:41:54.751Z level=INFO msg="using database" path=/home/pi/pfarm/.beads/beads.db
time=2026-02-10T04:41:55.024Z level=INFO msg="database opened" path=/home/pi/pfarm/.beads/beads.db backend=sqlite freshness_checking=true
time=2026-02-10T04:41:55.024Z level=INFO msg="upgrading .beads/.gitignore"
time=2026-02-10T04:41:55.024Z level=WARN msg="failed to upgrade .gitignore" error="open .beads/.gitignore: no such file or directory"
time=2026-02-10T04:41:55.026Z level=INFO msg="Repository fingerprint validated" repo_id=80ecffae
time=2026-02-10T04:41:55.026Z level=WARN msg="database schema version mismatch" db_version=0.49.1 daemon_version=0.49.6
time=2026-02-10T04:41:55.026Z level=INFO msg="auto-upgrading database to daemon version"
time=2026-02-10T04:41:55.026Z level=INFO msg="database version updated" version=0.49.6
time=2026-02-10T04:41:55.026Z level=INFO msg="starting RPC server" socket=/home/pi/pfarm/.beads/bd.sock
time=2026-02-10T04:41:55.026Z level=INFO msg="RPC server ready (socket listening)"
time=2026-02-10T04:41:55.032Z level=INFO msg="registered in global registry"
time=2026-02-10T04:41:55.040Z level=INFO msg="initial import complete"
time=2026-02-10T04:41:55.040Z level=INFO msg="Starting sync cycle" mode="sync cycle"
time=2026-02-10T04:41:55.057Z level=INFO msg="Exported to JSONL"
time=2026-02-10T04:41:56.299Z level=INFO msg="Pulled from remote"
time=2026-02-10T04:41:56.323Z level=INFO msg="Imported from JSONL"
time=2026-02-10T04:41:56.371Z level=INFO msg="Sync cycle complete"
time=2026-02-10T04:41:56.371Z level=INFO msg="monitoring parent process" pid=0
time=2026-02-10T04:41:56.371Z level=INFO msg="using event-driven mode"
time=2026-02-10T04:41:56.371Z level=INFO msg="Auto-pull disabled: use 'git pull' manually to sync remote changes"
time=2026-02-10T05:14:48.104Z level=INFO msg="JSONL file created" path=/home/pi/pfarm/.beads/issues.jsonl
time=2026-02-10T05:14:48.104Z level=INFO msg="File change detected" path=/home/pi/pfarm/.beads/issues.jsonl
time=2026-02-10T05:14:49.105Z level=INFO msg="Import triggered by file change"
time=2026-02-10T05:14:49.108Z level=INFO msg="Starting auto-import" mode=auto-import
time=2026-02-10T05:14:49.702Z level=INFO msg="JSONL file created" path=/home/pi/pfarm/.beads/issues.jsonl
time=2026-02-10T05:14:49.702Z level=INFO msg="File change detected" path=/home/pi/pfarm/.beads/issues.jsonl
time=2026-02-10T05:14:50.351Z level=INFO msg="Pulled from remote"
time=2026-02-10T05:14:50.351Z level=INFO msg="🔍 Checking JSONL content hash AFTER pull (fix: auto-pull-not-pulling)"
time=2026-02-10T05:14:50.353Z level=INFO msg="Skipping: JSONL content unchanged" mode=auto-import
time=2026-02-10T05:14:50.703Z level=INFO msg="Import triggered by file change"
time=2026-02-10T05:14:50.704Z level=INFO msg="Starting auto-import" mode=auto-import
time=2026-02-10T05:14:51.941Z level=INFO msg="Pulled from remote"
time=2026-02-10T05:14:51.941Z level=INFO msg="🔍 Checking JSONL content hash AFTER pull (fix: auto-pull-not-pulling)"
time=2026-02-10T05:14:51.942Z level=INFO msg="Skipping: JSONL content unchanged" mode=auto-import
time=2026-02-10T05:15:35.931Z level=INFO msg="Mutation detected" type=create issue_id=PFarm1-uzn
time=2026-02-10T05:15:36.431Z level=INFO msg="Export triggered by mutation events"
time=2026-02-10T05:15:36.432Z level=INFO msg=Starting mode=export
time=2026-02-10T05:15:36.442Z level=INFO msg="JSONL file created" path=/home/pi/pfarm/.beads/issues.jsonl
time=2026-02-10T05:15:36.447Z level=INFO msg="Exported to JSONL"
time=2026-02-10T05:15:36.447Z level=INFO msg="Export complete"
time=2026-02-10T05:15:37.444Z level=INFO msg="Import triggered by file change"
time=2026-02-10T05:15:37.445Z level=INFO msg="Starting auto-import" mode=auto-import
time=2026-02-10T05:15:37.451Z level=INFO msg="WARNING: Uncommitted local changes detected" path=/home/pi/pfarm/.beads/issues.jsonl
time=2026-02-10T05:15:37.451Z level=INFO msg="   Pulling from remote may overwrite local unpushed changes."
time=2026-02-10T05:15:37.451Z level=INFO msg="   Consider running 'bd sync' to commit and push your changes first."
time=2026-02-10T05:15:38.666Z level=INFO msg="Pulled from remote"
time=2026-02-10T05:15:38.666Z level=INFO msg="🔍 Checking JSONL content hash AFTER pull (fix: auto-pull-not-pulling)"
time=2026-02-10T05:15:38.666Z level=INFO msg="JSONL content changed, proceeding with operation..." mode=auto-import
time=2026-02-10T05:15:38.675Z level=INFO msg="Imported from JSONL"
time=2026-02-10T05:15:38.676Z level=INFO msg="Auto-import complete"
time=2026-02-10T05:15:41.019Z level=INFO msg="Mutation detected" type=create issue_id=PFarm1-uzn.1
time=2026-02-10T05:15:41.519Z level=INFO msg="Export triggered by mutation events"
time=2026-02-10T05:15:41.520Z level=INFO msg=Starting mode=export
time=2026-02-10T05:15:41.520Z level=INFO msg="JSONL changed externally, importing before export"
time=2026-02-10T05:15:41.530Z level=INFO msg="Auto-import complete, proceeding with export"
time=2026-02-10T05:15:41.540Z level=INFO msg="JSONL file created" path=/home/pi/pfarm/.beads/issues.jsonl
time=2026-02-10T05:15:41.546Z level=INFO msg="Exported to JSONL"
time=2026-02-10T05:15:41.546Z level=INFO msg="Export complete"
time=2026-02-10T05:15:42.541Z level=INFO msg="Import triggered by file change"
time=2026-02-10T05:15:42.542Z level=INFO msg="Starting auto-import" mode=auto-import
time=2026-02-10T05:15:42.547Z level=INFO msg="WARNING: Uncommitted local changes detected" path=/home/pi/pfarm/.beads/issues.jsonl
time=2026-02-10T05:15:42.547Z level=INFO msg="   Pulling from remote may overwrite local unpushed changes."
time=2026-02-10T05:15:42.547Z level=INFO msg="   Consider running 'bd sync' to commit and push your changes first."
time=2026-02-10T05:15:43.745Z level=INFO msg="Pulled from remote"
time=2026-02-10T05:15:43.745Z level=INFO msg="🔍 Checking JSONL content hash AFTER pull (fix: auto-pull-not-pulling)"
time=2026-02-10T05:15:43.745Z level=INFO msg="JSONL content changed, proceeding with operation..." mode=auto-import
time=2026-02-10T05:15:43.755Z level=INFO msg="Imported from JSONL"
time=2026-02-10T05:15:43.757Z level=INFO msg="Auto-import complete"
time=2026-02-10T05:15:44.382Z level=INFO msg="Mutation detected" type=create issue_id=PFarm1-uzn.2
time=2026-02-10T05:15:44.883Z level=INFO msg="Export triggered by mutation events"
time=2026-02-10T05:15:44.883Z level=INFO msg=Starting mode=export
time=2026-02-10T05:15:44.884Z level=INFO msg="JSONL changed externally, importing before export"
time=2026-02-10T05:15:44.894Z level=INFO msg="Auto-import complete, proceeding with export"
time=2026-02-10T05:15:44.904Z level=INFO msg="JSONL file created" path=/home/pi/pfarm/.beads/issues.jsonl
time=2026-02-10T05:15:44.909Z level=INFO msg="Exported to JSONL"
time=2026-02-10T05:15:44.909Z level=INFO msg="Export complete"
time=2026-02-10T05:15:45.904Z level=INFO msg="Import triggered by file change"
time=2026-02-10T05:15:45.905Z level=INFO msg="Starting auto-import" mode=auto-import
time=2026-02-10T05:15:45.911Z level=INFO msg="WARNING: Uncommitted local changes detected" path=/home/pi/pfarm/.beads/issues.jsonl
time=2026-02-10T05:15:45.911Z level=INFO msg="   Pulling from remote may overwrite local unpushed changes."
time=2026-02-10T05:15:45.911Z level=INFO msg="   Consider running 'bd sync' to commit and push your changes first."
time=2026-02-10T05:15:47.128Z level=INFO msg="Pulled from remote"
time=2026-02-10T05:15:47.128Z level=INFO msg="🔍 Checking JSONL content hash AFTER pull (fix: auto-pull-not-pulling)"
time=2026-02-10T05:15:47.128Z level=INFO msg="JSONL content changed, proceeding with operation..." mode=auto-import
time=2026-02-10T05:15:47.137Z level=INFO msg="Imported from JSONL"
time=2026-02-10T05:15:47.138Z level=INFO msg="Auto-import complete"
time=2026-02-10T05:15:49.547Z level=INFO msg="Mutation detected" type=create issue_id=PFarm1-uzn.3
time=2026-02-10T05:15:50.048Z level=INFO msg="Export triggered by mutation events"
time=2026-02-10T05:15:50.048Z level=INFO msg=Starting mode=export
time=2026-02-10T05:15:50.049Z level=INFO msg="JSONL changed externally, importing before export"
time=2026-02-10T05:15:50.060Z level=INFO msg="Auto-import complete, proceeding with export"
time=2026-02-10T05:15:50.070Z level=INFO msg="JSONL file created" path=/home/pi/pfarm/.beads/issues.jsonl
time=2026-02-10T05:15:50.075Z level=INFO msg="Exported to JSONL"
time=2026-02-10T05:15:50.075Z level=INFO msg="Export complete"
time=2026-02-10T05:15:51.071Z level=INFO msg="Import triggered by file change"
time=2026-02-10T05:15:51.072Z level=INFO msg="Starting auto-import" mode=auto-import
time=2026-02-10T05:15:51.077Z level=INFO msg="WARNING: Uncommitted local changes detected" path=/home/pi/pfarm/.beads/issues.jsonl
time=2026-02-10T05:15:51.077Z level=INFO msg="   Pulling from remote may overwrite local unpushed changes."
time=2026-02-10T05:15:51.077Z level=INFO msg="   Consider running 'bd sync' to commit and push your changes first."
time=2026-02-10T05:15:52.301Z level=INFO msg="Pulled from remote"
time=2026-02-10T05:15:52.301Z level=INFO msg="🔍 Checking JSONL content hash AFTER pull (fix: auto-pull-not-pulling)"
time=2026-02-10T05:15:52.301Z level=INFO msg="JSONL content changed, proceeding with operation..." mode=auto-import
time=2026-02-10T05:15:52.311Z level=INFO msg="Imported from JSONL"
time=2026-02-10T05:15:52.312Z level=INFO msg="Auto-import complete"
time=2026-02-10T05:15:54.297Z level=INFO msg="Mutation detected" type=create issue_id=PFarm1-uzn.4
time=2026-02-10T05:15:54.797Z level=INFO msg="Export triggered by mutation events"
time=2026-02-10T05:15:54.798Z level=INFO msg=Starting mode=export
time=2026-02-10T05:15:54.798Z level=INFO msg="JSONL changed externally, importing before export"
time=2026-02-10T05:15:54.808Z level=INFO msg="Auto-import complete, proceeding with export"
time=2026-02-10T05:15:54.818Z level=INFO msg="JSONL file created" path=/home/pi/pfarm/.beads/issues.jsonl
time=2026-02-10T05:15:54.823Z level=INFO msg="Exported to JSONL"
time=2026-02-10T05:15:54.823Z level=INFO msg="Export complete"
time=2026-02-10T05:15:55.818Z level=INFO msg="Import triggered by file change"
time=2026-02-10T05:15:55.819Z level=INFO msg="Starting auto-import" mode=auto-import
time=2026-02-10T05:15:55.824Z level=INFO msg="WARNING: Uncommitted local changes detected" path=/home/pi/pfarm/.beads/issues.jsonl
time=2026-02-10T05:15:55.824Z level=INFO msg="   Pulling from remote may overwrite local unpushed changes."
time=2026-02-10T05:15:55.824Z level=INFO msg="   Consider running 'bd sync' to commit and push your changes first."
time=2026-02-10T05:15:57.030Z level=INFO msg="Pulled from remote"
time=2026-02-10T05:15:57.030Z level=INFO msg="🔍 Checking JSONL content hash AFTER pull (fix: auto-pull-not-pulling)"
time=2026-02-10T05:15:57.030Z level=INFO msg="JSONL content changed, proceeding with operation..." mode=auto-import
time=2026-02-10T05:15:57.039Z level=INFO msg="Imported from JSONL"
time=2026-02-10T05:15:57.041Z level=INFO msg="Auto-import complete"
time=2026-02-10T05:16:00.541Z level=INFO msg="Mutation detected" type=create issue_id=PFarm1-uzn.5
time=2026-02-10T05:16:01.042Z level=INFO msg="Export triggered by mutation events"
time=2026-02-10T05:16:01.042Z level=INFO msg=Starting mode=export
time=2026-02-10T05:16:01.042Z level=INFO msg="JSONL changed externally, importing before export"
time=2026-02-10T05:16:01.052Z level=INFO msg="Auto-import complete, proceeding with export"
time=2026-02-10T05:16:01.063Z level=INFO msg="JSONL file created" path=/home/pi/pfarm/.beads/issues.jsonl
time=2026-02-10T05:16:01.083Z level=INFO msg="Exported to JSONL"
time=2026-02-10T05:16:01.083Z level=INFO msg="Export complete"
time=2026-02-10T05:16:02.064Z level=INFO msg="Import triggered by file change"
time=2026-02-10T05:16:02.079Z level=INFO msg="Starting auto-import" mode=auto-import
time=2026-02-10T05:16:02.084Z level=INFO msg="WARNING: Uncommitted local changes detected" path=/home/pi/pfarm/.beads/issues.jsonl
time=2026-02-10T05:16:02.084Z level=INFO msg="   Pulling from remote may overwrite local unpushed changes."
time=2026-02-10T05:16:02.084Z level=INFO msg="   Consider running 'bd sync' to commit and push your changes first."
time=2026-02-10T05:16:03.311Z level=INFO msg="Pulled from remote"
time=2026-02-10T05:16:03.311Z level=INFO msg="🔍 Checking JSONL content hash AFTER pull (fix: auto-pull-not-pulling)"
time=2026-02-10T05:16:03.311Z level=INFO msg="JSONL content changed, proceeding with operation..." mode=auto-import
time=2026-02-10T05:16:03.327Z level=INFO msg="Imported from JSONL"
time=2026-02-10T05:16:03.329Z level=INFO msg="Auto-import complete"
time=2026-02-10T05:16:05.707Z level=INFO msg="Mutation detected" type=create issue_id=PFarm1-uzn.6
time=2026-02-10T05:16:06.208Z level=INFO msg="Export triggered by mutation events"
time=2026-02-10T05:16:06.208Z level=INFO msg=Starting mode=export
time=2026-02-10T05:16:06.209Z level=INFO msg="JSONL changed externally, importing before export"
time=2026-02-10T05:16:06.219Z level=INFO msg="Auto-import complete, proceeding with export"
time=2026-02-10T05:16:06.230Z level=INFO msg="JSONL file created" path=/home/pi/pfarm/.beads/issues.jsonl
time=2026-02-10T05:16:06.237Z level=INFO msg="Exported to JSONL"
time=2026-02-10T05:16:06.237Z level=INFO msg="Export complete"
time=2026-02-10T05:16:07.231Z level=INFO msg="Import triggered by file change"
time=2026-02-10T05:16:07.232Z level=INFO msg="Starting auto-import" mode=auto-import
time=2026-02-10T05:16:07.238Z level=INFO msg="WARNING: Uncommitted local changes detected" path=/home/pi/pfarm/.beads/issues.jsonl
time=2026-02-10T05:16:07.238Z level=INFO msg="   Pulling from remote may overwrite local unpushed changes."
time=2026-02-10T05:16:07.238Z level=INFO msg="   Consider running 'bd sync' to commit and push your changes first."
time=2026-02-10T05:16:08.467Z level=INFO msg="Pulled from remote"
time=2026-02-10T05:16:08.467Z level=INFO msg="🔍 Checking JSONL content hash AFTER pull (fix: auto-pull-not-pulling)"
time=2026-02-10T05:16:08.467Z level=INFO msg="JSONL content changed, proceeding with operation..." mode=auto-import
time=2026-02-10T05:16:08.477Z level=INFO msg="Imported from JSONL"
time=2026-02-10T05:16:08.478Z level=INFO msg="Auto-import complete"
time=2026-02-10T05:17:34.859Z level=INFO msg="Mutation detected" type=create issue_id=PFarm1-j4g
time=2026-02-10T05:17:35.360Z level=INFO msg="Export triggered by mutation events"
time=2026-02-10T05:17:35.360Z level=INFO msg=Starting mode=export
time=2026-02-10T05:17:35.361Z level=INFO msg="JSONL changed externally, importing before export"
time=2026-02-10T05:17:35.371Z level=INFO msg="Auto-import complete, proceeding with export"
time=2026-02-10T05:17:35.381Z level=INFO msg="JSONL file created" path=/home/pi/pfarm/.beads/issues.jsonl
time=2026-02-10T05:17:35.387Z level=INFO msg="Exported to JSONL"
time=2026-02-10T05:17:35.387Z level=INFO msg="Export complete"
time=2026-02-10T05:17:36.382Z level=INFO msg="Import triggered by file change"
time=2026-02-10T05:17:36.383Z level=INFO msg="Starting auto-import" mode=auto-import
time=2026-02-10T05:17:36.388Z level=INFO msg="WARNING: Uncommitted local changes detected" path=/home/pi/pfarm/.beads/issues.jsonl
time=2026-02-10T05:17:36.388Z level=INFO msg="   Pulling from remote may overwrite local unpushed changes."
time=2026-02-10T05:17:36.388Z level=INFO msg="   Consider running 'bd sync' to commit and push your changes first."
time=2026-02-10T05:17:37.604Z level=INFO msg="Pulled from remote"
time=2026-02-10T05:17:37.604Z level=INFO msg="🔍 Checking JSONL content hash AFTER pull (fix: auto-pull-not-pulling)"
time=2026-02-10T05:17:37.605Z level=INFO msg="JSONL content changed, proceeding with operation..." mode=auto-import
time=2026-02-10T05:17:37.615Z level=INFO msg="Imported from JSONL"
time=2026-02-10T05:17:37.616Z level=INFO msg="Auto-import complete"
time=2026-02-10T05:17:40.606Z level=INFO msg="Mutation detected" type=create issue_id=PFarm1-j4g.1
time=2026-02-10T05:17:41.107Z level=INFO msg="Export triggered by mutation events"
time=2026-02-10T05:17:41.108Z level=INFO msg=Starting mode=export
time=2026-02-10T05:17:41.109Z level=INFO msg="JSONL changed externally, importing before export"
time=2026-02-10T05:17:41.119Z level=INFO msg="Auto-import complete, proceeding with export"
time=2026-02-10T05:17:41.130Z level=INFO msg="JSONL file created" path=/home/pi/pfarm/.beads/issues.jsonl
time=2026-02-10T05:17:41.135Z level=INFO msg="Exported to JSONL"
time=2026-02-10T05:17:41.135Z level=INFO msg="Export complete"
time=2026-02-10T05:17:42.131Z level=INFO msg="Import triggered by file change"
time=2026-02-10T05:17:42.131Z level=INFO msg="Starting auto-import" mode=auto-import
time=2026-02-10T05:17:42.136Z level=INFO msg="WARNING: Uncommitted local changes detected" path=/home/pi/pfarm/.beads/issues.jsonl
time=2026-02-10T05:17:42.136Z level=INFO msg="   Pulling from remote may overwrite local unpushed changes."
time=2026-02-10T05:17:42.136Z level=INFO msg="   Consider running 'bd sync' to commit and push your changes first."
time=2026-02-10T05:17:43.366Z level=INFO msg="Pulled from remote"
time=2026-02-10T05:17:43.366Z level=INFO msg="🔍 Checking JSONL content hash AFTER pull (fix: auto-pull-not-pulling)"
time=2026-02-10T05:17:43.367Z level=INFO msg="JSONL content changed, proceeding with operation..." mode=auto-import
time=2026-02-10T05:17:43.377Z level=INFO msg="Imported from JSONL"
time=2026-02-10T05:17:43.378Z level=INFO msg="Auto-import complete"
time=2026-02-10T05:17:45.803Z level=INFO msg="Mutation detected" type=create issue_id=PFarm1-j4g.2
time=2026-02-10T05:17:46.303Z level=INFO msg="Export triggered by mutation events"
time=2026-02-10T05:17:46.304Z level=INFO msg=Starting mode=export
time=2026-02-10T05:17:46.305Z level=INFO msg="JSONL changed externally, importing before export"
time=2026-02-10T05:17:46.317Z level=INFO msg="Auto-import complete, proceeding with export"
time=2026-02-10T05:17:46.327Z level=INFO msg="JSONL file created" path=/home/pi/pfarm/.beads/issues.jsonl
time=2026-02-10T05:17:46.334Z level=INFO msg="Exported to JSONL"
time=2026-02-10T05:17:46.334Z level=INFO msg="Export complete"
time=2026-02-10T05:17:47.329Z level=INFO msg="Import triggered by file change"
time=2026-02-10T05:17:47.329Z level=INFO msg="Starting auto-import" mode=auto-import
time=2026-02-10T05:17:47.336Z level=INFO msg="WARNING: Uncommitted local changes detected" path=/home/pi/pfarm/.beads/issues.jsonl
time=2026-02-10T05:17:47.336Z level=INFO msg="   Pulling from remote may overwrite local unpushed changes."
time=2026-02-10T05:17:47.336Z level=INFO msg="   Consider running 'bd sync' to commit and push your changes first."
time=2026-02-10T05:17:48.560Z level=INFO msg="Pulled from remote"
time=2026-02-10T05:17:48.560Z level=INFO msg="🔍 Checking JSONL content hash AFTER pull (fix: auto-pull-not-pulling)"
time=2026-02-10T05:17:48.560Z level=INFO msg="JSONL content changed, proceeding with operation..." mode=auto-import
time=2026-02-10T05:17:48.569Z level=INFO msg="Imported from JSONL"
time=2026-02-10T05:17:48.570Z level=INFO msg="Auto-import complete"
time=2026-02-10T05:18:22.012Z level=INFO msg="Mutation detected" type=create issue_id=PFarm1-j4g.3
time=2026-02-10T05:18:22.512Z level=INFO msg="Export triggered by mutation events"
time=2026-02-10T05:18:22.513Z level=INFO msg=Starting mode=export
time=2026-02-10T05:18:22.513Z level=INFO msg="JSONL changed externally, importing before export"
time=2026-02-10T05:18:22.525Z level=INFO msg="Auto-import complete, proceeding with export"
time=2026-02-10T05:18:22.537Z level=INFO msg="JSONL file created" path=/home/pi/pfarm/.beads/issues.jsonl
time=2026-02-10T05:18:22.565Z level=INFO msg="Exported to JSONL"
time=2026-02-10T05:18:22.565Z level=INFO msg="Export complete"
time=2026-02-10T05:18:23.538Z level=INFO msg="Import triggered by file change"
time=2026-02-10T05:18:23.556Z level=INFO msg="Starting auto-import" mode=auto-import
time=2026-02-10T05:18:23.561Z level=INFO msg="WARNING: Uncommitted local changes detected" path=/home/pi/pfarm/.beads/issues.jsonl
time=2026-02-10T05:18:23.561Z level=INFO msg="   Pulling from remote may overwrite local unpushed changes."
time=2026-02-10T05:18:23.561Z level=INFO msg="   Consider running 'bd sync' to commit and push your changes first."
time=2026-02-10T05:18:24.782Z level=INFO msg="Pulled from remote"
time=2026-02-10T05:18:24.782Z level=INFO msg="🔍 Checking JSONL content hash AFTER pull (fix: auto-pull-not-pulling)"
time=2026-02-10T05:18:24.782Z level=INFO msg="JSONL content changed, proceeding with operation..." mode=auto-import
time=2026-02-10T05:18:24.800Z level=INFO msg="Imported from JSONL"
time=2026-02-10T05:18:24.801Z level=INFO msg="Auto-import complete"
time=2026-02-10T05:18:27.447Z level=INFO msg="Mutation detected" type=create issue_id=PFarm1-j4g.4
time=2026-02-10T05:18:27.948Z level=INFO msg="Export triggered by mutation events"
time=2026-02-10T05:18:27.948Z level=INFO msg=Starting mode=export
time=2026-02-10T05:18:27.949Z level=INFO msg="JSONL changed externally, importing before export"
time=2026-02-10T05:18:27.960Z level=INFO msg="Auto-import complete, proceeding with export"
time=2026-02-10T05:18:27.972Z level=INFO msg="JSONL file created" path=/home/pi/pfarm/.beads/issues.jsonl
time=2026-02-10T05:18:27.978Z level=INFO msg="Exported to JSONL"
time=2026-02-10T05:18:27.978Z level=INFO msg="Export complete"
time=2026-02-10T05:18:28.972Z level=INFO msg="Import triggered by file change"
time=2026-02-10T05:18:28.973Z level=INFO msg="Starting auto-import" mode=auto-import
time=2026-02-10T05:18:28.980Z level=INFO msg="WARNING: Uncommitted local changes detected" path=/home/pi/pfarm/.beads/issues.jsonl
time=2026-02-10T05:18:28.980Z level=INFO msg="   Pulling from remote may overwrite local unpushed changes."
time=2026-02-10T05:18:28.980Z level=INFO msg="   Consider running 'bd sync' to commit and push your changes first."
time=2026-02-10T05:18:30.200Z level=INFO msg="Pulled from remote"
time=2026-02-10T05:18:30.200Z level=INFO msg="🔍 Checking JSONL content hash AFTER pull (fix: auto-pull-not-pulling)"
time=2026-02-10T05:18:30.200Z level=INFO msg="JSONL content changed, proceeding with operation..." mode=auto-import
time=2026-02-10T05:18:30.211Z level=INFO msg="Imported from JSONL"
time=2026-02-10T05:18:30.213Z level=INFO msg="Auto-import complete"
time=2026-02-10T05:20:47.408Z level=INFO msg="Mutation detected" type=status issue_id=PFarm1-j4g
time=2026-02-10T05:20:47.908Z level=INFO msg="Export triggered by mutation events"
time=2026-02-10T05:20:47.909Z level=INFO msg=Starting mode=export
time=2026-02-10T05:20:47.909Z level=INFO msg="JSONL changed externally, importing before export"
time=2026-02-10T05:20:47.920Z level=INFO msg="Auto-import complete, proceeding with export"
time=2026-02-10T05:20:47.932Z level=INFO msg="JSONL file created" path=/home/pi/pfarm/.beads/issues.jsonl
time=2026-02-10T05:20:47.938Z level=INFO msg="Exported to JSONL"
time=2026-02-10T05:20:47.938Z level=INFO msg="Export complete"
time=2026-02-10T05:20:48.933Z level=INFO msg="Import triggered by file change"
time=2026-02-10T05:20:48.934Z level=INFO msg="Starting auto-import" mode=auto-import
time=2026-02-10T05:20:48.940Z level=INFO msg="WARNING: Uncommitted local changes detected" path=/home/pi/pfarm/.beads/issues.jsonl
time=2026-02-10T05:20:48.940Z level=INFO msg="   Pulling from remote may overwrite local unpushed changes."
time=2026-02-10T05:20:48.940Z level=INFO msg="   Consider running 'bd sync' to commit and push your changes first."
time=2026-02-10T05:20:50.190Z level=INFO msg="Pulled from remote"
time=2026-02-10T05:20:50.190Z level=INFO msg="🔍 Checking JSONL content hash AFTER pull (fix: auto-pull-not-pulling)"
time=2026-02-10T05:20:50.190Z level=INFO msg="JSONL content changed, proceeding with operation..." mode=auto-import
time=2026-02-10T05:20:50.201Z level=INFO msg="Imported from JSONL"
time=2026-02-10T05:20:50.202Z level=INFO msg="Auto-import complete"
time=2026-02-10T05:21:39.898Z level=INFO msg="Mutation detected" type=status issue_id=PFarm1-j4g.3
time=2026-02-10T05:21:40.399Z level=INFO msg="Export triggered by mutation events"
time=2026-02-10T05:21:40.399Z level=INFO msg=Starting mode=export
time=2026-02-10T05:21:40.400Z level=INFO msg="JSONL changed externally, importing before export"
time=2026-02-10T05:21:40.411Z level=INFO msg="Auto-import complete, proceeding with export"
time=2026-02-10T05:21:40.422Z level=INFO msg="JSONL file created" path=/home/pi/pfarm/.beads/issues.jsonl
time=2026-02-10T05:21:40.428Z level=INFO msg="Exported to JSONL"
time=2026-02-10T05:21:40.428Z level=INFO msg="Export complete"
time=2026-02-10T05:21:41.423Z level=INFO msg="Import triggered by file change"
time=2026-02-10T05:21:41.423Z level=INFO msg="Starting auto-import" mode=auto-import
time=2026-02-10T05:21:41.429Z level=INFO msg="WARNING: Uncommitted local changes detected" path=/home/pi/pfarm/.beads/issues.jsonl
time=2026-02-10T05:21:41.429Z level=INFO msg="   Pulling from remote may overwrite local unpushed changes."
time=2026-02-10T05:21:41.429Z level=INFO msg="   Consider running 'bd sync' to commit and push your changes first."
time=2026-02-10T05:21:42.674Z level=INFO msg="Pulled from remote"
time=2026-02-10T05:21:42.674Z level=INFO msg="🔍 Checking JSONL content hash AFTER pull (fix: auto-pull-not-pulling)"
time=2026-02-10T05:21:42.674Z level=INFO msg="JSONL content changed, proceeding with operation..." mode=auto-import
time=2026-02-10T05:21:42.684Z level=INFO msg="Imported from JSONL"
time=2026-02-10T05:21:42.685Z level=INFO msg="Auto-import complete"
time=2026-02-10T05:22:41.332Z level=INFO msg="Mutation detected" type=status issue_id=PFarm1-j4g.2
time=2026-02-10T05:22:41.833Z level=INFO msg="Export triggered by mutation events"
time=2026-02-10T05:22:41.834Z level=INFO msg=Starting mode=export
time=2026-02-10T05:22:41.834Z level=INFO msg="JSONL changed externally, importing before export"
time=2026-02-10T05:22:41.845Z level=INFO msg="Auto-import complete, proceeding with export"
time=2026-02-10T05:22:41.855Z level=INFO msg="JSONL file created" path=/home/pi/pfarm/.beads/issues.jsonl
time=2026-02-10T05:22:41.861Z level=INFO msg="Exported to JSONL"
time=2026-02-10T05:22:41.861Z level=INFO msg="Export complete"
time=2026-02-10T05:22:42.856Z level=INFO msg="Import triggered by file change"
time=2026-02-10T05:22:42.857Z level=INFO msg="Starting auto-import" mode=auto-import
time=2026-02-10T05:22:42.862Z level=INFO msg="WARNING: Uncommitted local changes detected" path=/home/pi/pfarm/.beads/issues.jsonl
time=2026-02-10T05:22:42.862Z level=INFO msg="   Pulling from remote may overwrite local unpushed changes."
time=2026-02-10T05:22:42.862Z level=INFO msg="   Consider running 'bd sync' to commit and push your changes first."
time=2026-02-10T05:22:44.083Z level=INFO msg="Pulled from remote"
time=2026-02-10T05:22:44.083Z level=INFO msg="🔍 Checking JSONL content hash AFTER pull (fix: auto-pull-not-pulling)"
time=2026-02-10T05:22:44.084Z level=INFO msg="JSONL content changed, proceeding with operation..." mode=auto-import
time=2026-02-10T05:22:44.093Z level=INFO msg="Imported from JSONL"
time=2026-02-10T05:22:44.094Z level=INFO msg="Auto-import complete"
time=2026-02-10T05:23:16.523Z level=INFO msg="Mutation detected" type=status issue_id=PFarm1-j4g.1
time=2026-02-10T05:23:17.023Z level=INFO msg="Export triggered by mutation events"
time=2026-02-10T05:23:17.024Z level=INFO msg=Starting mode=export
time=2026-02-10T05:23:17.024Z level=INFO msg="JSONL changed externally, importing before export"
time=2026-02-10T05:23:17.036Z level=INFO msg="Auto-import complete, proceeding with export"
time=2026-02-10T05:23:17.047Z level=INFO msg="JSONL file created" path=/home/pi/pfarm/.beads/issues.jsonl
time=2026-02-10T05:23:17.053Z level=INFO msg="Exported to JSONL"
time=2026-02-10T05:23:17.053Z level=INFO msg="Export complete"
time=2026-02-10T05:23:18.048Z level=INFO msg="Import triggered by file change"
time=2026-02-10T05:23:18.049Z level=INFO msg="Starting auto-import" mode=auto-import
time=2026-02-10T05:23:18.054Z level=INFO msg="WARNING: Uncommitted local changes detected" path=/home/pi/pfarm/.beads/issues.jsonl
time=2026-02-10T05:23:18.054Z level=INFO msg="   Pulling from remote may overwrite local unpushed changes."
time=2026-02-10T05:23:18.054Z level=INFO msg="   Consider running 'bd sync' to commit and push your changes first."
time=2026-02-10T05:23:19.310Z level=INFO msg="Pulled from remote"
time=2026-02-10T05:23:19.310Z level=INFO msg="🔍 Checking JSONL content hash AFTER pull (fix: auto-pull-not-pulling)"
time=2026-02-10T05:23:19.311Z level=INFO msg="JSONL content changed, proceeding with operation..." mode=auto-import
time=2026-02-10T05:23:19.320Z level=INFO msg="Imported from JSONL"
time=2026-02-10T05:23:19.321Z level=INFO msg="Auto-import complete"
time=2026-02-10T05:24:51.184Z level=INFO msg="Mutation detected" type=status issue_id=PFarm1-j4g.3
time=2026-02-10T05:24:51.254Z level=INFO msg="Mutation detected" type=status issue_id=PFarm1-j4g.2
time=2026-02-10T05:24:51.326Z level=INFO msg="Mutation detected" type=status issue_id=PFarm1-j4g.1
time=2026-02-10T05:24:51.397Z level=INFO msg="Mutation detected" type=status issue_id=PFarm1-j4g.4
time=2026-02-10T05:24:51.462Z level=INFO msg="Mutation detected" type=status issue_id=PFarm1-j4g
time=2026-02-10T05:24:51.963Z level=INFO msg="Export triggered by mutation events"
time=2026-02-10T05:24:51.963Z level=INFO msg=Starting mode=export
time=2026-02-10T05:24:51.964Z level=INFO msg="JSONL changed externally, importing before export"
time=2026-02-10T05:24:51.974Z level=INFO msg="Auto-import complete, proceeding with export"
time=2026-02-10T05:24:51.985Z level=INFO msg="JSONL file created" path=/home/pi/pfarm/.beads/issues.jsonl
time=2026-02-10T05:24:52.016Z level=INFO msg="Exported to JSONL"
time=2026-02-10T05:24:52.016Z level=INFO msg="Export complete"
time=2026-02-10T05:24:52.986Z level=INFO msg="Import triggered by file change"
time=2026-02-10T05:24:52.999Z level=INFO msg="Starting auto-import" mode=auto-import
time=2026-02-10T05:24:53.004Z level=INFO msg="WARNING: Uncommitted local changes detected" path=/home/pi/pfarm/.beads/issues.jsonl
time=2026-02-10T05:24:53.004Z level=INFO msg="   Pulling from remote may overwrite local unpushed changes."
time=2026-02-10T05:24:53.004Z level=INFO msg="   Consider running 'bd sync' to commit and push your changes first."
time=2026-02-10T05:24:54.217Z level=INFO msg="Pulled from remote"
time=2026-02-10T05:24:54.217Z level=INFO msg="🔍 Checking JSONL content hash AFTER pull (fix: auto-pull-not-pulling)"
time=2026-02-10T05:24:54.218Z level=INFO msg="JSONL content changed, proceeding with operation..." mode=auto-import
time=2026-02-10T05:24:54.240Z level=INFO msg="Imported from JSONL"
time=2026-02-10T05:24:54.242Z level=INFO msg="Auto-import complete"
time=2026-02-10T05:25:04.634Z level=INFO msg="JSONL file created" path=/home/pi/pfarm/.beads/issues.jsonl
time=2026-02-10T05:25:04.634Z level=INFO msg="File change detected" path=/home/pi/pfarm/.beads/issues.jsonl
time=2026-02-10T05:25:05.634Z level=INFO msg="Import triggered by file change"
time=2026-02-10T05:25:05.636Z level=INFO msg="Starting auto-import" mode=auto-import
time=2026-02-10T05:25:06.870Z level=INFO msg="Pulled from remote"
time=2026-02-10T05:25:06.870Z level=INFO msg="🔍 Checking JSONL content hash AFTER pull (fix: auto-pull-not-pulling)"
time=2026-02-10T05:25:06.871Z level=INFO msg="Skipping: JSONL content unchanged" mode=auto-import
time=2026-02-10T05:25:26.645Z level=INFO msg="JSONL file created" path=/home/pi/pfarm/.beads/issues.jsonl
time=2026-02-10T05:25:26.645Z level=INFO msg="File change detected" path=/home/pi/pfarm/.beads/issues.jsonl
time=2026-02-10T05:25:27.645Z level=INFO msg="Import triggered by file change"
time=2026-02-10T05:25:27.648Z level=INFO msg="Starting auto-import" mode=auto-import
time=2026-02-10T05:25:28.884Z level=INFO msg="Pulled from remote"
time=2026-02-10T05:25:28.884Z level=INFO msg="🔍 Checking JSONL content hash AFTER pull (fix: auto-pull-not-pulling)"
time=2026-02-10T05:25:28.884Z level=INFO msg="Skipping: JSONL content unchanged" mode=auto-import
time=2026-02-10T05:25:37.860Z level=INFO msg="JSONL file created" path=/home/pi/pfarm/.beads/issues.jsonl
time=2026-02-10T05:25:37.860Z level=INFO msg="File change detected" path=/home/pi/pfarm/.beads/issues.jsonl
time=2026-02-10T05:25:38.862Z level=INFO msg="Import triggered by file change"
time=2026-02-10T05:25:38.865Z level=INFO msg="Starting auto-import" mode=auto-import
time=2026-02-10T05:25:39.164Z level=INFO msg="JSONL file created" path=/home/pi/pfarm/.beads/issues.jsonl
time=2026-02-10T05:25:39.164Z level=INFO msg="File change detected" path=/home/pi/pfarm/.beads/issues.jsonl
time=2026-02-10T05:25:40.119Z level=INFO msg="Pulled from remote"
time=2026-02-10T05:25:40.119Z level=INFO msg="🔍 Checking JSONL content hash AFTER pull (fix: auto-pull-not-pulling)"
time=2026-02-10T05:25:40.120Z level=INFO msg="Skipping: JSONL content unchanged" mode=auto-import
time=2026-02-10T05:25:40.166Z level=INFO msg="Import triggered by file change"
time=2026-02-10T05:25:40.167Z level=INFO msg="Starting auto-import" mode=auto-import
time=2026-02-10T05:25:41.399Z level=INFO msg="Pulled from remote"
time=2026-02-10T05:25:41.399Z level=INFO msg="🔍 Checking JSONL content hash AFTER pull (fix: auto-pull-not-pulling)"
time=2026-02-10T05:25:41.400Z level=INFO msg="Skipping: JSONL content unchanged" mode=auto-import
time=2026-02-10T05:26:43.456Z level=INFO msg="Mutation detected" type=status issue_id=PFarm1-uzn
time=2026-02-10T05:26:43.957Z level=INFO msg="Export triggered by mutation events"
time=2026-02-10T05:26:43.957Z level=INFO msg=Starting mode=export
time=2026-02-10T05:26:43.969Z level=INFO msg="JSONL file created" path=/home/pi/pfarm/.beads/issues.jsonl
time=2026-02-10T05:26:43.974Z level=INFO msg="Exported to JSONL"
time=2026-02-10T05:26:43.974Z level=INFO msg="Export complete"
time=2026-02-10T05:26:44.970Z level=INFO msg="Import triggered by file change"
time=2026-02-10T05:26:44.971Z level=INFO msg="Starting auto-import" mode=auto-import
time=2026-02-10T05:26:44.979Z level=INFO msg="WARNING: Uncommitted local changes detected" path=/home/pi/pfarm/.beads/issues.jsonl
time=2026-02-10T05:26:44.979Z level=INFO msg="   Pulling from remote may overwrite local unpushed changes."
time=2026-02-10T05:26:44.979Z level=INFO msg="   Consider running 'bd sync' to commit and push your changes first."
time=2026-02-10T05:26:46.213Z level=INFO msg="Pulled from remote"
time=2026-02-10T05:26:46.213Z level=INFO msg="🔍 Checking JSONL content hash AFTER pull (fix: auto-pull-not-pulling)"
time=2026-02-10T05:26:46.214Z level=INFO msg="JSONL content changed, proceeding with operation..." mode=auto-import
time=2026-02-10T05:26:46.224Z level=INFO msg="Imported from JSONL"
time=2026-02-10T05:26:46.226Z level=INFO msg="Auto-import complete"
time=2026-02-10T05:37:34.621Z level=INFO msg="Mutation detected" type=status issue_id=PFarm1-uzn.1
time=2026-02-10T05:37:34.732Z level=INFO msg="Mutation detected" type=status issue_id=PFarm1-uzn.2
time=2026-02-10T05:37:34.805Z level=INFO msg="Mutation detected" type=status issue_id=PFarm1-uzn.3
time=2026-02-10T05:37:34.910Z level=INFO msg="Mutation detected" type=status issue_id=PFarm1-uzn.4
time=2026-02-10T05:37:34.983Z level=INFO msg="Mutation detected" type=status issue_id=PFarm1-uzn.5
time=2026-02-10T05:37:35.059Z level=INFO msg="Mutation detected" type=status issue_id=PFarm1-uzn.6
time=2026-02-10T05:37:35.140Z level=INFO msg="Mutation detected" type=status issue_id=PFarm1-uzn
time=2026-02-10T05:37:35.641Z level=INFO msg="Export triggered by mutation events"
time=2026-02-10T05:37:35.641Z level=INFO msg=Starting mode=export
time=2026-02-10T05:37:35.642Z level=INFO msg="JSONL changed externally, importing before export"
time=2026-02-10T05:37:35.653Z level=INFO msg="Auto-import complete, proceeding with export"
time=2026-02-10T05:37:35.665Z level=INFO msg="JSONL file created" path=/home/pi/pfarm/.beads/issues.jsonl
time=2026-02-10T05:37:35.671Z level=INFO msg="Exported to JSONL"
time=2026-02-10T05:37:35.671Z level=INFO msg="Export complete"
time=2026-02-10T05:37:36.666Z level=INFO msg="Import triggered by file change"
time=2026-02-10T05:37:36.667Z level=INFO msg="Starting auto-import" mode=auto-import
time=2026-02-10T05:37:36.674Z level=INFO msg="WARNING: Uncommitted local changes detected" path=/home/pi/pfarm/.beads/issues.jsonl
time=2026-02-10T05:37:36.674Z level=INFO msg="   Pulling from remote may overwrite local unpushed changes."
time=2026-02-10T05:37:36.674Z level=INFO msg="   Consider running 'bd sync' to commit and push your changes first."
time=2026-02-10T05:37:37.894Z level=INFO msg="Pulled from remote"
time=2026-02-10T05:37:37.894Z level=INFO msg="🔍 Checking JSONL content hash AFTER pull (fix: auto-pull-not-pulling)"
time=2026-02-10T05:37:37.894Z level=INFO msg="JSONL content changed, proceeding with operation..." mode=auto-import
time=2026-02-10T05:37:37.904Z level=INFO msg="Imported from JSONL"
time=2026-02-10T05:37:37.905Z level=INFO msg="Auto-import complete"
time=2026-02-10T14:57:05.540Z level=INFO msg="JSONL file created" path=/home/pi/pfarm/.beads/issues.jsonl
time=2026-02-10T14:57:05.540Z level=INFO msg="File change detected" path=/home/pi/pfarm/.beads/issues.jsonl
time=2026-02-10T14:57:06.541Z level=INFO msg="Import triggered by file change"
time=2026-02-10T14:57:06.544Z level=INFO msg="Starting auto-import" mode=auto-import
time=2026-02-10T14:57:07.838Z level=INFO msg="Pulled from remote"
time=2026-02-10T14:57:07.838Z level=INFO msg="🔍 Checking JSONL content hash AFTER pull (fix: auto-pull-not-pulling)"
time=2026-02-10T14:57:07.838Z level=INFO msg="Skipping: JSONL content unchanged" mode=auto-import
time=2026-02-10T14:57:11.957Z level=INFO msg="JSONL file created" path=/home/pi/pfarm/.beads/issues.jsonl
time=2026-02-10T14:57:11.957Z level=INFO msg="File change detected" path=/home/pi/pfarm/.beads/issues.jsonl
time=2026-02-10T14:57:12.958Z level=INFO msg="Import triggered by file change"
time=2026-02-10T14:57:12.960Z level=INFO msg="Starting auto-import" mode=auto-import
time=2026-02-10T14:57:14.199Z level=INFO msg="Pulled from remote"
time=2026-02-10T14:57:14.199Z level=INFO msg="🔍 Checking JSONL content hash AFTER pull (fix: auto-pull-not-pulling)"
time=2026-02-10T14:57:14.200Z level=INFO msg="Skipping: JSONL content unchanged" mode=auto-import
time=2026-02-10T15:19:57.909Z level=INFO msg="JSONL file created" path=/home/pi/pfarm/.beads/issues.jsonl
time=2026-02-10T15:19:57.909Z level=INFO msg="File change detected" path=/home/pi/pfarm/.beads/issues.jsonl
time=2026-02-10T15:19:58.910Z level=INFO msg="Import triggered by file change"
time=2026-02-10T15:19:58.913Z level=INFO msg="Starting auto-import" mode=auto-import
time=2026-02-10T15:19:59.424Z level=INFO msg="JSONL file created" path=/home/pi/pfarm/.beads/issues.jsonl
time=2026-02-10T15:19:59.424Z level=INFO msg="File change detected" path=/home/pi/pfarm/.beads/issues.jsonl
time=2026-02-10T15:20:00.172Z level=INFO msg="Pulled from remote"
time=2026-02-10T15:20:00.172Z level=INFO msg="🔍 Checking JSONL content hash AFTER pull (fix: auto-pull-not-pulling)"
time=2026-02-10T15:20:00.174Z level=INFO msg="Skipping: JSONL content unchanged" mode=auto-import
time=2026-02-10T15:20:00.425Z level=INFO msg="Import triggered by file change"
time=2026-02-10T15:20:00.426Z level=INFO msg="Starting auto-import" mode=auto-import
time=2026-02-10T15:20:01.659Z level=INFO msg="Pulled from remote"
time=2026-02-10T15:20:01.659Z level=INFO msg="🔍 Checking JSONL content hash AFTER pull (fix: auto-pull-not-pulling)"
time=2026-02-10T15:20:01.660Z level=INFO msg="Skipping: JSONL content unchanged" mode=auto-import
time=2026-02-10T15:20:25.158Z level=INFO msg="JSONL file created" path=/home/pi/pfarm/.beads/issues.jsonl
time=2026-02-10T15:20:25.158Z level=INFO msg="File change detected" path=/home/pi/pfarm/.beads/issues.jsonl
time=2026-02-10T15:20:26.159Z level=INFO msg="Import triggered by file change"
time=2026-02-10T15:20:26.162Z level=INFO msg="Starting auto-import" mode=auto-import
time=2026-02-10T15:20:26.550Z level=INFO msg="JSONL file created" path=/home/pi/pfarm/.beads/issues.jsonl
time=2026-02-10T15:20:26.550Z level=INFO msg="File change detected" path=/home/pi/pfarm/.beads/issues.jsonl
time=2026-02-10T15:20:27.414Z level=INFO msg="Pulled from remote"
time=2026-02-10T15:20:27.414Z level=INFO msg="🔍 Checking JSONL content hash AFTER pull (fix: auto-pull-not-pulling)"
time=2026-02-10T15:20:27.415Z level=INFO msg="Skipping: JSONL content unchanged" mode=auto-import
time=2026-02-10T15:20:27.552Z level=INFO msg="Import triggered by file change"
time=2026-02-10T15:20:27.553Z level=INFO msg="Starting auto-import" mode=auto-import
time=2026-02-10T15:20:28.825Z level=INFO msg="Pulled from remote"
time=2026-02-10T15:20:28.825Z level=INFO msg="🔍 Checking JSONL content hash AFTER pull (fix: auto-pull-not-pulling)"
time=2026-02-10T15:20:28.826Z level=INFO msg="Skipping: JSONL content unchanged" mode=auto-import
time=2026-02-10T15:49:43.184Z level=INFO msg="JSONL file created" path=/home/pi/pfarm/.beads/issues.jsonl
time=2026-02-10T15:49:43.184Z level=INFO msg="File change detected" path=/home/pi/pfarm/.beads/issues.jsonl
time=2026-02-10T15:49:44.184Z level=INFO msg="Import triggered by file change"
time=2026-02-10T15:49:44.187Z level=INFO msg="Starting auto-import" mode=auto-import
time=2026-02-10T15:49:45.445Z level=INFO msg="Pulled from remote"
time=2026-02-10T15:49:45.445Z level=INFO msg="🔍 Checking JSONL content hash AFTER pull (fix: auto-pull-not-pulling)"
time=2026-02-10T15:49:45.445Z level=INFO msg="Skipping: JSONL content unchanged" mode=auto-import
time=2026-02-10T15:49:49.260Z level=INFO msg="JSONL file created" path=/home/pi/pfarm/.beads/issues.jsonl
time=2026-02-10T15:49:49.260Z level=INFO msg="File change detected" path=/home/pi/pfarm/.beads/issues.jsonl
time=2026-02-10T15:49:50.261Z level=INFO msg="Import triggered by file change"
time=2026-02-10T15:49:50.263Z level=INFO msg="Starting auto-import" mode=auto-import
time=2026-02-10T15:49:51.490Z level=INFO msg="Pulled from remote"
time=2026-02-10T15:49:51.491Z level=INFO msg="🔍 Checking JSONL content hash AFTER pull (fix: auto-pull-not-pulling)"
time=2026-02-10T15:49:51.491Z level=INFO msg="Skipping: JSONL content unchanged" mode=auto-import
time=2026-02-10T16:00:01.122Z level=INFO msg="Mutation detected" type=create issue_id=PFarm1-1nh
time=2026-02-10T16:00:01.622Z level=INFO msg="Export triggered by mutation events"
time=2026-02-10T16:00:01.623Z level=INFO msg=Starting mode=export
time=2026-02-10T16:00:01.635Z level=INFO msg="JSONL file created" path=/home/pi/pfarm/.beads/issues.jsonl
time=2026-02-10T16:00:01.641Z level=INFO msg="Exported to JSONL"
time=2026-02-10T16:00:01.641Z level=INFO msg="Export complete"
time=2026-02-10T16:00:02.636Z level=INFO msg="Import triggered by file change"
time=2026-02-10T16:00:02.637Z level=INFO msg="Starting auto-import" mode=auto-import
time=2026-02-10T16:00:02.643Z level=INFO msg="WARNING: Uncommitted local changes detected" path=/home/pi/pfarm/.beads/issues.jsonl
time=2026-02-10T16:00:02.643Z level=INFO msg="   Pulling from remote may overwrite local unpushed changes."
time=2026-02-10T16:00:02.643Z level=INFO msg="   Consider running 'bd sync' to commit and push your changes first."
time=2026-02-10T16:00:04.095Z level=INFO msg="Pulled from remote"
time=2026-02-10T16:00:04.095Z level=INFO msg="🔍 Checking JSONL content hash AFTER pull (fix: auto-pull-not-pulling)"
time=2026-02-10T16:00:04.095Z level=INFO msg="JSONL content changed, proceeding with operation..." mode=auto-import
time=2026-02-10T16:00:04.106Z level=INFO msg="Imported from JSONL"
time=2026-02-10T16:00:04.108Z level=INFO msg="Auto-import complete"
time=2026-02-10T16:00:05.074Z level=INFO msg="Mutation detected" type=create issue_id=PFarm1-1nh.1
time=2026-02-10T16:00:05.575Z level=INFO msg="Export triggered by mutation events"
time=2026-02-10T16:00:05.576Z level=INFO msg=Starting mode=export
time=2026-02-10T16:00:05.576Z level=INFO msg="JSONL changed externally, importing before export"
time=2026-02-10T16:00:05.588Z level=INFO msg="Auto-import complete, proceeding with export"
time=2026-02-10T16:00:05.601Z level=INFO msg="JSONL file created" path=/home/pi/pfarm/.beads/issues.jsonl
time=2026-02-10T16:00:05.608Z level=INFO msg="Exported to JSONL"
time=2026-02-10T16:00:05.608Z level=INFO msg="Export complete"
time=2026-02-10T16:00:06.602Z level=INFO msg="Import triggered by file change"
time=2026-02-10T16:00:06.603Z level=INFO msg="Starting auto-import" mode=auto-import
time=2026-02-10T16:00:06.609Z level=INFO msg="WARNING: Uncommitted local changes detected" path=/home/pi/pfarm/.beads/issues.jsonl
time=2026-02-10T16:00:06.609Z level=INFO msg="   Pulling from remote may overwrite local unpushed changes."
time=2026-02-10T16:00:06.609Z level=INFO msg="   Consider running 'bd sync' to commit and push your changes first."
time=2026-02-10T16:00:07.851Z level=INFO msg="Pulled from remote"
time=2026-02-10T16:00:07.851Z level=INFO msg="🔍 Checking JSONL content hash AFTER pull (fix: auto-pull-not-pulling)"
time=2026-02-10T16:00:07.851Z level=INFO msg="JSONL content changed, proceeding with operation..." mode=auto-import
time=2026-02-10T16:00:07.861Z level=INFO msg="Imported from JSONL"
time=2026-02-10T16:00:07.862Z level=INFO msg="Auto-import complete"
time=2026-02-10T16:00:09.141Z level=INFO msg="Mutation detected" type=create issue_id=PFarm1-1nh.2
time=2026-02-10T16:00:09.641Z level=INFO msg="Export triggered by mutation events"
time=2026-02-10T16:00:09.642Z level=INFO msg=Starting mode=export
time=2026-02-10T16:00:09.643Z level=INFO msg="JSONL changed externally, importing before export"
time=2026-02-10T16:00:09.654Z level=INFO msg="Auto-import complete, proceeding with export"
time=2026-02-10T16:00:09.667Z level=INFO msg="JSONL file created" path=/home/pi/pfarm/.beads/issues.jsonl
time=2026-02-10T16:00:09.674Z level=INFO msg="Exported to JSONL"
time=2026-02-10T16:00:09.674Z level=INFO msg="Export complete"
time=2026-02-10T16:00:10.669Z level=INFO msg="Import triggered by file change"
time=2026-02-10T16:00:10.670Z level=INFO msg="Starting auto-import" mode=auto-import
time=2026-02-10T16:00:10.675Z level=INFO msg="WARNING: Uncommitted local changes detected" path=/home/pi/pfarm/.beads/issues.jsonl
time=2026-02-10T16:00:10.675Z level=INFO msg="   Pulling from remote may overwrite local unpushed changes."
time=2026-02-10T16:00:10.675Z level=INFO msg="   Consider running 'bd sync' to commit and push your changes first."
time=2026-02-10T16:00:11.895Z level=INFO msg="Pulled from remote"
time=2026-02-10T16:00:11.895Z level=INFO msg="🔍 Checking JSONL content hash AFTER pull (fix: auto-pull-not-pulling)"
time=2026-02-10T16:00:11.896Z level=INFO msg="JSONL content changed, proceeding with operation..." mode=auto-import
time=2026-02-10T16:00:11.905Z level=INFO msg="Imported from JSONL"
time=2026-02-10T16:00:11.906Z level=INFO msg="Auto-import complete"
time=2026-02-10T16:00:13.640Z level=INFO msg="Mutation detected" type=create issue_id=PFarm1-1nh.3
time=2026-02-10T16:00:14.140Z level=INFO msg="Export triggered by mutation events"
time=2026-02-10T16:00:14.140Z level=INFO msg=Starting mode=export
time=2026-02-10T16:00:14.141Z level=INFO msg="JSONL changed externally, importing before export"
time=2026-02-10T16:00:14.153Z level=INFO msg="Auto-import complete, proceeding with export"
time=2026-02-10T16:00:14.166Z level=INFO msg="JSONL file created" path=/home/pi/pfarm/.beads/issues.jsonl
time=2026-02-10T16:00:14.173Z level=INFO msg="Exported to JSONL"
time=2026-02-10T16:00:14.173Z level=INFO msg="Export complete"
time=2026-02-10T16:00:15.168Z level=INFO msg="Import triggered by file change"
time=2026-02-10T16:00:15.169Z level=INFO msg="Starting auto-import" mode=auto-import
time=2026-02-10T16:00:15.174Z level=INFO msg="WARNING: Uncommitted local changes detected" path=/home/pi/pfarm/.beads/issues.jsonl
time=2026-02-10T16:00:15.174Z level=INFO msg="   Pulling from remote may overwrite local unpushed changes."
time=2026-02-10T16:00:15.174Z level=INFO msg="   Consider running 'bd sync' to commit and push your changes first."
time=2026-02-10T16:00:16.420Z level=INFO msg="Pulled from remote"
time=2026-02-10T16:00:16.420Z level=INFO msg="🔍 Checking JSONL content hash AFTER pull (fix: auto-pull-not-pulling)"
time=2026-02-10T16:00:16.420Z level=INFO msg="JSONL content changed, proceeding with operation..." mode=auto-import
time=2026-02-10T16:00:16.432Z level=INFO msg="Imported from JSONL"
time=2026-02-10T16:00:16.433Z level=INFO msg="Auto-import complete"
time=2026-02-10T16:00:18.607Z level=INFO msg="Mutation detected" type=create issue_id=PFarm1-1nh.4
time=2026-02-10T16:00:19.108Z level=INFO msg="Export triggered by mutation events"
time=2026-02-10T16:00:19.112Z level=INFO msg=Starting mode=export
time=2026-02-10T16:00:19.112Z level=INFO msg="JSONL changed externally, importing before export"
time=2026-02-10T16:00:19.137Z level=INFO msg="Auto-import complete, proceeding with export"
time=2026-02-10T16:00:19.151Z level=INFO msg="JSONL file created" path=/home/pi/pfarm/.beads/issues.jsonl
time=2026-02-10T16:00:19.157Z level=INFO msg="Exported to JSONL"
time=2026-02-10T16:00:19.157Z level=INFO msg="Export complete"
time=2026-02-10T16:00:20.152Z level=INFO msg="Import triggered by file change"
time=2026-02-10T16:00:20.153Z level=INFO msg="Starting auto-import" mode=auto-import
time=2026-02-10T16:00:20.159Z level=INFO msg="WARNING: Uncommitted local changes detected" path=/home/pi/pfarm/.beads/issues.jsonl
time=2026-02-10T16:00:20.159Z level=INFO msg="   Pulling from remote may overwrite local unpushed changes."
time=2026-02-10T16:00:20.159Z level=INFO msg="   Consider running 'bd sync' to commit and push your changes first."
time=2026-02-10T16:00:21.405Z level=INFO msg="Pulled from remote"
time=2026-02-10T16:00:21.405Z level=INFO msg="🔍 Checking JSONL content hash AFTER pull (fix: auto-pull-not-pulling)"
time=2026-02-10T16:00:21.406Z level=INFO msg="JSONL content changed, proceeding with operation..." mode=auto-import
time=2026-02-10T16:00:21.416Z level=INFO msg="Imported from JSONL"
time=2026-02-10T16:00:21.417Z level=INFO msg="Auto-import complete"
time=2026-02-10T16:00:23.574Z level=INFO msg="Mutation detected" type=create issue_id=PFarm1-1nh.5
time=2026-02-10T16:00:24.075Z level=INFO msg="Export triggered by mutation events"
time=2026-02-10T16:00:24.076Z level=INFO msg=Starting mode=export
time=2026-02-10T16:00:24.076Z level=INFO msg="JSONL changed externally, importing before export"
time=2026-02-10T16:00:24.087Z level=INFO msg="Auto-import complete, proceeding with export"
time=2026-02-10T16:00:24.100Z level=INFO msg="JSONL file created" path=/home/pi/pfarm/.beads/issues.jsonl
time=2026-02-10T16:00:24.106Z level=INFO msg="Exported to JSONL"
time=2026-02-10T16:00:24.106Z level=INFO msg="Export complete"
time=2026-02-10T16:00:25.101Z level=INFO msg="Import triggered by file change"
time=2026-02-10T16:00:25.102Z level=INFO msg="Starting auto-import" mode=auto-import
time=2026-02-10T16:00:25.108Z level=INFO msg="WARNING: Uncommitted local changes detected" path=/home/pi/pfarm/.beads/issues.jsonl
time=2026-02-10T16:00:25.108Z level=INFO msg="   Pulling from remote may overwrite local unpushed changes."
time=2026-02-10T16:00:25.108Z level=INFO msg="   Consider running 'bd sync' to commit and push your changes first."
time=2026-02-10T16:00:26.390Z level=INFO msg="Pulled from remote"
time=2026-02-10T16:00:26.390Z level=INFO msg="🔍 Checking JSONL content hash AFTER pull (fix: auto-pull-not-pulling)"
time=2026-02-10T16:00:26.390Z level=INFO msg="JSONL content changed, proceeding with operation..." mode=auto-import
time=2026-02-10T16:00:26.401Z level=INFO msg="Imported from JSONL"
time=2026-02-10T16:00:26.402Z level=INFO msg="Auto-import complete"
time=2026-02-10T16:15:17.062Z level=INFO msg="JSONL file created" path=/home/pi/pfarm/.beads/issues.jsonl
time=2026-02-10T16:15:17.062Z level=INFO msg="File change detected" path=/home/pi/pfarm/.beads/issues.jsonl
time=2026-02-10T16:15:18.063Z level=INFO msg="Import triggered by file change"
time=2026-02-10T16:15:18.064Z level=INFO msg="Starting auto-import" mode=auto-import
time=2026-02-10T16:15:18.073Z level=INFO msg="WARNING: Uncommitted local changes detected" path=/home/pi/pfarm/.beads/issues.jsonl
time=2026-02-10T16:15:18.073Z level=INFO msg="   Pulling from remote may overwrite local unpushed changes."
time=2026-02-10T16:15:18.073Z level=INFO msg="   Consider running 'bd sync' to commit and push your changes first."
time=2026-02-10T16:15:19.351Z level=INFO msg="Pulled from remote"
time=2026-02-10T16:15:19.351Z level=INFO msg="🔍 Checking JSONL content hash AFTER pull (fix: auto-pull-not-pulling)"
time=2026-02-10T16:15:19.352Z level=INFO msg="Skipping: JSONL content unchanged" mode=auto-import
time=2026-02-10T16:15:31.602Z level=INFO msg="JSONL file created" path=/home/pi/pfarm/.beads/issues.jsonl
time=2026-02-10T16:15:31.602Z level=INFO msg="File change detected" path=/home/pi/pfarm/.beads/issues.jsonl
time=2026-02-10T16:15:32.603Z level=INFO msg="Import triggered by file change"
time=2026-02-10T16:15:32.606Z level=INFO msg="Starting auto-import" mode=auto-import
time=2026-02-10T16:15:33.068Z level=INFO msg="JSONL file created" path=/home/pi/pfarm/.beads/issues.jsonl
time=2026-02-10T16:15:33.068Z level=INFO msg="File change detected" path=/home/pi/pfarm/.beads/issues.jsonl
time=2026-02-10T16:15:33.884Z level=INFO msg="Pulled from remote"
time=2026-02-10T16:15:33.884Z level=INFO msg="🔍 Checking JSONL content hash AFTER pull (fix: auto-pull-not-pulling)"
time=2026-02-10T16:15:33.887Z level=INFO msg="Skipping: JSONL content unchanged" mode=auto-import
time=2026-02-10T16:15:34.069Z level=INFO msg="Import triggered by file change"
time=2026-02-10T16:15:34.070Z level=INFO msg="Starting auto-import" mode=auto-import
time=2026-02-10T16:15:35.291Z level=INFO msg="Pulled from remote"
time=2026-02-10T16:15:35.291Z level=INFO msg="🔍 Checking JSONL content hash AFTER pull (fix: auto-pull-not-pulling)"
time=2026-02-10T16:15:35.292Z level=INFO msg="Skipping: JSONL content unchanged" mode=auto-import
time=2026-02-10T17:17:39.808Z level=INFO msg="JSONL file created" path=/home/pi/pfarm/.beads/issues.jsonl
time=2026-02-10T17:17:39.809Z level=INFO msg="File change detected" path=/home/pi/pfarm/.beads/issues.jsonl
time=2026-02-10T17:17:40.810Z level=INFO msg="Import triggered by file change"
time=2026-02-10T17:17:40.812Z level=INFO msg="Starting auto-import" mode=auto-import
time=2026-02-10T17:17:42.160Z level=INFO msg="Pulled from remote"
time=2026-02-10T17:17:42.160Z level=INFO msg="🔍 Checking JSONL content hash AFTER pull (fix: auto-pull-not-pulling)"
time=2026-02-10T17:17:42.160Z level=INFO msg="Skipping: JSONL content unchanged" mode=auto-import
time=2026-02-10T17:27:58.244Z level=INFO msg="JSONL file created" path=/home/pi/pfarm/.beads/issues.jsonl
time=2026-02-10T17:27:58.244Z level=INFO msg="File change detected" path=/home/pi/pfarm/.beads/issues.jsonl
time=2026-02-10T17:27:59.246Z level=INFO msg="Import triggered by file change"
time=2026-02-10T17:27:59.249Z level=INFO msg="Starting auto-import" mode=auto-import
time=2026-02-10T17:28:00.616Z level=INFO msg="Pulled from remote"
time=2026-02-10T17:28:00.616Z level=INFO msg="🔍 Checking JSONL content hash AFTER pull (fix: auto-pull-not-pulling)"
time=2026-02-10T17:28:00.616Z level=INFO msg="Skipping: JSONL content unchanged" mode=auto-import
time=2026-02-10T17:29:31.479Z level=INFO msg="Mutation detected" type=status issue_id=PFarm1-1nh.1
time=2026-02-10T17:29:31.530Z level=INFO msg="Mutation detected" type=status issue_id=PFarm1-1nh.2
time=2026-02-10T17:29:31.585Z level=INFO msg="Mutation detected" type=status issue_id=PFarm1-1nh.3
time=2026-02-10T17:29:31.643Z level=INFO msg="Mutation detected" type=status issue_id=PFarm1-1nh.4
time=2026-02-10T17:29:31.710Z level=INFO msg="Mutation detected" type=status issue_id=PFarm1-1nh.5
time=2026-02-10T17:29:31.762Z level=INFO msg="Mutation detected" type=status issue_id=PFarm1-1nh
time=2026-02-10T17:29:32.263Z level=INFO msg="Export triggered by mutation events"
time=2026-02-10T17:29:32.264Z level=INFO msg=Starting mode=export
time=2026-02-10T17:29:32.279Z level=INFO msg="JSONL file created" path=/home/pi/pfarm/.beads/issues.jsonl
time=2026-02-10T17:29:32.285Z level=INFO msg="Exported to JSONL"
time=2026-02-10T17:29:32.285Z level=INFO msg="Export complete"
time=2026-02-10T17:29:33.279Z level=INFO msg="Import triggered by file change"
time=2026-02-10T17:29:33.280Z level=INFO msg="Starting auto-import" mode=auto-import
time=2026-02-10T17:29:33.286Z level=INFO msg="WARNING: Uncommitted local changes detected" path=/home/pi/pfarm/.beads/issues.jsonl
time=2026-02-10T17:29:33.286Z level=INFO msg="   Pulling from remote may overwrite local unpushed changes."
time=2026-02-10T17:29:33.286Z level=INFO msg="   Consider running 'bd sync' to commit and push your changes first."
time=2026-02-10T17:29:34.551Z level=INFO msg="Pulled from remote"
time=2026-02-10T17:29:34.551Z level=INFO msg="🔍 Checking JSONL content hash AFTER pull (fix: auto-pull-not-pulling)"
time=2026-02-10T17:29:34.552Z level=INFO msg="JSONL content changed, proceeding with operation..." mode=auto-import
time=2026-02-10T17:29:34.564Z level=INFO msg="Imported from JSONL"
time=2026-02-10T17:29:34.565Z level=INFO msg="Auto-import complete"
time=2026-02-10T17:32:26.031Z level=INFO msg="JSONL file created" path=/home/pi/pfarm/.beads/issues.jsonl
time=2026-02-10T17:32:26.031Z level=INFO msg="File change detected" path=/home/pi/pfarm/.beads/issues.jsonl
time=2026-02-10T17:32:27.032Z level=INFO msg="Import triggered by file change"
time=2026-02-10T17:32:27.033Z level=INFO msg="Starting auto-import" mode=auto-import
time=2026-02-10T17:32:27.042Z level=INFO msg="WARNING: Uncommitted local changes detected" path=/home/pi/pfarm/.beads/issues.jsonl
time=2026-02-10T17:32:27.042Z level=INFO msg="   Pulling from remote may overwrite local unpushed changes."
time=2026-02-10T17:32:27.042Z level=INFO msg="   Consider running 'bd sync' to commit and push your changes first."
time=2026-02-10T17:32:28.285Z level=INFO msg="Pulled from remote"
time=2026-02-10T17:32:28.285Z level=INFO msg="🔍 Checking JSONL content hash AFTER pull (fix: auto-pull-not-pulling)"
time=2026-02-10T17:32:28.285Z level=INFO msg="Skipping: JSONL content unchanged" mode=auto-import
time=2026-02-10T17:32:32.336Z level=INFO msg="JSONL file created" path=/home/pi/pfarm/.beads/issues.jsonl
time=2026-02-10T17:32:32.336Z level=INFO msg="File change detected" path=/home/pi/pfarm/.beads/issues.jsonl
time=2026-02-10T17:32:33.337Z level=INFO msg="Import triggered by file change"
time=2026-02-10T17:32:33.340Z level=INFO msg="Starting auto-import" mode=auto-import
time=2026-02-10T17:32:33.634Z level=INFO msg="JSONL file created" path=/home/pi/pfarm/.beads/issues.jsonl
time=2026-02-10T17:32:33.634Z level=INFO msg="File change detected" path=/home/pi/pfarm/.beads/issues.jsonl
time=2026-02-10T17:32:34.595Z level=INFO msg="Pulled from remote"
time=2026-02-10T17:32:34.595Z level=INFO msg="🔍 Checking JSONL content hash AFTER pull (fix: auto-pull-not-pulling)"
time=2026-02-10T17:32:34.598Z level=INFO msg="Skipping: JSONL content unchanged" mode=auto-import
time=2026-02-10T17:32:34.635Z level=INFO msg="Import triggered by file change"
time=2026-02-10T17:32:34.636Z level=INFO msg="Starting auto-import" mode=auto-import
time=2026-02-10T17:32:35.934Z level=INFO msg="Pulled from remote"
time=2026-02-10T17:32:35.934Z level=INFO msg="🔍 Checking JSONL content hash AFTER pull (fix: auto-pull-not-pulling)"
time=2026-02-10T17:32:35.935Z level=INFO msg="Skipping: JSONL content unchanged" mode=auto-import
time=2026-02-10T21:00:11.425Z level=INFO msg="JSONL file created" path=/home/pi/pfarm/.beads/issues.jsonl
time=2026-02-10T21:00:11.427Z level=INFO msg="File change detected" path=/home/pi/pfarm/.beads/issues.jsonl
time=2026-02-10T21:00:12.427Z level=INFO msg="Import triggered by file change"
time=2026-02-10T21:00:12.430Z level=INFO msg="Starting auto-import" mode=auto-import
time=2026-02-10T21:00:13.030Z level=INFO msg="JSONL file created" path=/home/pi/pfarm/.beads/issues.jsonl
time=2026-02-10T21:00:13.030Z level=INFO msg="File change detected" path=/home/pi/pfarm/.beads/issues.jsonl
time=2026-02-10T21:00:13.713Z level=INFO msg="Pulled from remote"
time=2026-02-10T21:00:13.713Z level=INFO msg="🔍 Checking JSONL content hash AFTER pull (fix: auto-pull-not-pulling)"
time=2026-02-10T21:00:13.716Z level=INFO msg="Skipping: JSONL content unchanged" mode=auto-import
time=2026-02-10T21:00:14.031Z level=INFO msg="Import triggered by file change"
time=2026-02-10T21:00:14.032Z level=INFO msg="Starting auto-import" mode=auto-import
time=2026-02-10T21:00:15.279Z level=INFO msg="Pulled from remote"
time=2026-02-10T21:00:15.279Z level=INFO msg="🔍 Checking JSONL content hash AFTER pull (fix: auto-pull-not-pulling)"
time=2026-02-10T21:00:15.280Z level=INFO msg="Skipping: JSONL content unchanged" mode=auto-import
time=2026-02-11T05:33:23.569Z level=INFO msg="JSONL file created" path=/home/pi/pfarm/.beads/issues.jsonl
time=2026-02-11T05:33:23.569Z level=INFO msg="File change detected" path=/home/pi/pfarm/.beads/issues.jsonl
time=2026-02-11T05:33:24.571Z level=INFO msg="Import triggered by file change"
time=2026-02-11T05:33:24.577Z level=INFO msg="Starting auto-import" mode=auto-import
time=2026-02-11T05:33:25.861Z level=INFO msg="Pulled from remote"
time=2026-02-11T05:33:25.862Z level=INFO msg="🔍 Checking JSONL content hash AFTER pull (fix: auto-pull-not-pulling)"
time=2026-02-11T05:33:25.862Z level=INFO msg="Skipping: JSONL content unchanged" mode=auto-import
time=2026-02-11T05:35:11.320Z level=INFO msg="JSONL file created" path=/home/pi/pfarm/.beads/issues.jsonl
time=2026-02-11T05:35:11.320Z level=INFO msg="File change detected" path=/home/pi/pfarm/.beads/issues.jsonl
time=2026-02-11T05:35:12.321Z level=INFO msg="Import triggered by file change"
time=2026-02-11T05:35:12.323Z level=INFO msg="Starting auto-import" mode=auto-import
time=2026-02-11T05:35:13.575Z level=INFO msg="Pulled from remote"
time=2026-02-11T05:35:13.575Z level=INFO msg="🔍 Checking JSONL content hash AFTER pull (fix: auto-pull-not-pulling)"
time=2026-02-11T05:35:13.576Z level=INFO msg="Skipping: JSONL content unchanged" mode=auto-import
time=2026-02-11T13:36:22.557Z level=INFO msg="JSONL file created" path=/home/pi/pfarm/.beads/issues.jsonl
time=2026-02-11T13:36:22.558Z level=INFO msg="File change detected" path=/home/pi/pfarm/.beads/issues.jsonl
time=2026-02-11T13:36:23.559Z level=INFO msg="Import triggered by file change"
time=2026-02-11T13:36:23.561Z level=INFO msg="Starting auto-import" mode=auto-import
time=2026-02-11T13:36:24.794Z level=INFO msg="Pulled from remote"
time=2026-02-11T13:36:24.794Z level=INFO msg="🔍 Checking JSONL content hash AFTER pull (fix: auto-pull-not-pulling)"
time=2026-02-11T13:36:24.794Z level=INFO msg="Skipping: JSONL content unchanged" mode=auto-import
time=2026-02-11T13:49:10.748Z level=INFO msg="JSONL file created" path=/home/pi/pfarm/.beads/issues.jsonl
time=2026-02-11T13:49:10.748Z level=INFO msg="File change detected" path=/home/pi/pfarm/.beads/issues.jsonl
time=2026-02-11T13:49:11.750Z level=INFO msg="Import triggered by file change"
time=2026-02-11T13:49:11.752Z level=INFO msg="Starting auto-import" mode=auto-import
time=2026-02-11T13:49:12.140Z level=INFO msg="JSONL file created" path=/home/pi/pfarm/.beads/issues.jsonl
time=2026-02-11T13:49:12.140Z level=INFO msg="File change detected" path=/home/pi/pfarm/.beads/issues.jsonl
time=2026-02-11T13:49:13.010Z level=INFO msg="Pulled from remote"
time=2026-02-11T13:49:13.010Z level=INFO msg="🔍 Checking JSONL content hash AFTER pull (fix: auto-pull-not-pulling)"
time=2026-02-11T13:49:13.011Z level=INFO msg="Skipping: JSONL content unchanged" mode=auto-import
time=2026-02-11T13:49:13.141Z level=INFO msg="Import triggered by file change"
time=2026-02-11T13:49:13.142Z level=INFO msg="Starting auto-import" mode=auto-import
time=2026-02-11T13:49:14.358Z level=INFO msg="Pulled from remote"
time=2026-02-11T13:49:14.358Z level=INFO msg="🔍 Checking JSONL content hash AFTER pull (fix: auto-pull-not-pulling)"
time=2026-02-11T13:49:14.359Z level=INFO msg="Skipping: JSONL content unchanged" mode=auto-import
time=2026-02-12T04:59:41.200Z level=INFO msg="JSONL file created" path=/home/pi/pfarm/.beads/issues.jsonl
time=2026-02-12T04:59:41.200Z level=INFO msg="File change detected" path=/home/pi/pfarm/.beads/issues.jsonl
time=2026-02-12T04:59:42.201Z level=INFO msg="Import triggered by file change"
time=2026-02-12T04:59:42.204Z level=INFO msg="Starting auto-import" mode=auto-import
time=2026-02-12T04:59:43.519Z level=INFO msg="Pulled from remote"
time=2026-02-12T04:59:43.519Z level=INFO msg="🔍 Checking JSONL content hash AFTER pull (fix: auto-pull-not-pulling)"
time=2026-02-12T04:59:43.519Z level=INFO msg="Skipping: JSONL content unchanged" mode=auto-import
time=2026-02-12T04:59:51.194Z level=INFO msg="JSONL file created" path=/home/pi/pfarm/.beads/issues.jsonl
time=2026-02-12T04:59:51.194Z level=INFO msg="File change detected" path=/home/pi/pfarm/.beads/issues.jsonl
time=2026-02-12T04:59:52.196Z level=INFO msg="Import triggered by file change"
time=2026-02-12T04:59:52.199Z level=INFO msg="Starting auto-import" mode=auto-import
time=2026-02-12T04:59:53.470Z level=INFO msg="Pulled from remote"
time=2026-02-12T04:59:53.470Z level=INFO msg="🔍 Checking JSONL content hash AFTER pull (fix: auto-pull-not-pulling)"
time=2026-02-12T04:59:53.471Z level=INFO msg="Skipping: JSONL content unchanged" mode=auto-import
time=2026-02-12T05:00:26.787Z level=INFO msg="JSONL file created" path=/home/pi/pfarm/.beads/issues.jsonl
time=2026-02-12T05:00:26.787Z level=INFO msg="File change detected" path=/home/pi/pfarm/.beads/issues.jsonl
time=2026-02-12T05:00:27.787Z level=INFO msg="Import triggered by file change"
time=2026-02-12T05:00:27.791Z level=INFO msg="Starting auto-import" mode=auto-import
time=2026-02-12T05:00:29.082Z level=INFO msg="Pulled from remote"
time=2026-02-12T05:00:29.082Z level=INFO msg="🔍 Checking JSONL content hash AFTER pull (fix: auto-pull-not-pulling)"
time=2026-02-12T05:00:29.083Z level=INFO msg="Skipping: JSONL content unchanged" mode=auto-import
time=2026-02-12T05:15:55.717Z level=INFO msg="JSONL file created" path=/home/pi/pfarm/.beads/issues.jsonl
time=2026-02-12T05:15:55.717Z level=INFO msg="File change detected" path=/home/pi/pfarm/.beads/issues.jsonl
time=2026-02-12T05:15:56.717Z level=INFO msg="Import triggered by file change"
time=2026-02-12T05:15:56.718Z level=INFO msg="Starting auto-import" mode=auto-import
time=2026-02-12T05:15:57.991Z level=INFO msg="Pulled from remote"
time=2026-02-12T05:15:57.991Z level=INFO msg="🔍 Checking JSONL content hash AFTER pull (fix: auto-pull-not-pulling)"
time=2026-02-12T05:15:57.992Z level=INFO msg="Skipping: JSONL content unchanged" mode=auto-import
time=2026-02-12T05:16:03.782Z level=INFO msg="JSONL file created" path=/home/pi/pfarm/.beads/issues.jsonl
time=2026-02-12T05:16:03.782Z level=INFO msg="File change detected" path=/home/pi/pfarm/.beads/issues.jsonl
time=2026-02-12T05:16:04.783Z level=INFO msg="Import triggered by file change"
time=2026-02-12T05:16:04.786Z level=INFO msg="Starting auto-import" mode=auto-import
time=2026-02-12T05:16:06.093Z level=INFO msg="Pulled from remote"
time=2026-02-12T05:16:06.093Z level=INFO msg="🔍 Checking JSONL content hash AFTER pull (fix: auto-pull-not-pulling)"
time=2026-02-12T05:16:06.093Z level=INFO msg="Skipping: JSONL content unchanged" mode=auto-import
time=2026-02-12T14:49:33.538Z level=INFO msg="JSONL file created" path=/home/pi/pfarm/.beads/issues.jsonl
time=2026-02-12T14:49:33.538Z level=INFO msg="File change detected" path=/home/pi/pfarm/.beads/issues.jsonl
time=2026-02-12T14:49:34.538Z level=INFO msg="Import triggered by file change"
time=2026-02-12T14:49:34.541Z level=INFO msg="Starting auto-import" mode=auto-import
time=2026-02-12T14:49:35.851Z level=INFO msg="Pulled from remote"
time=2026-02-12T14:49:35.851Z level=INFO msg="🔍 Checking JSONL content hash AFTER pull (fix: auto-pull-not-pulling)"
time=2026-02-12T14:49:35.851Z level=INFO msg="Skipping: JSONL content unchanged" mode=auto-import
time=2026-02-12T14:49:39.070Z level=INFO msg="JSONL file created" path=/home/pi/pfarm/.beads/issues.jsonl
time=2026-02-12T14:49:39.071Z level=INFO msg="File change detected" path=/home/pi/pfarm/.beads/issues.jsonl
time=2026-02-12T14:49:40.072Z level=INFO msg="Import triggered by file change"
time=2026-02-12T14:49:40.075Z level=INFO msg="Starting auto-import" mode=auto-import
time=2026-02-12T14:49:41.404Z level=INFO msg="Pulled from remote"
time=2026-02-12T14:49:41.404Z level=INFO msg="🔍 Checking JSONL content hash AFTER pull (fix: auto-pull-not-pulling)"
time=2026-02-12T14:49:41.405Z level=INFO msg="Skipping: JSONL content unchanged" mode=auto-import
time=2026-02-12T17:24:39.846Z level=INFO msg="File change detected" path=/home/pi/pfarm/.beads/issues.jsonl
time=2026-02-12T17:24:39.846Z level=INFO msg="JSONL removed/renamed, re-establishing watch"
time=2026-02-12T17:24:39.897Z level=INFO msg="Successfully re-established JSONL watch" delay=50ms
time=2026-02-12T17:24:39.897Z level=INFO msg="JSONL file created" path=/home/pi/pfarm/.beads/issues.jsonl
time=2026-02-12T17:24:40.897Z level=INFO msg="Import triggered by file change"
time=2026-02-12T17:24:40.903Z level=INFO msg="Starting auto-import" mode=auto-import
time=2026-02-12T17:24:42.604Z level=INFO msg="File change detected" path=/home/pi/pfarm/.beads/issues.jsonl
time=2026-02-12T17:24:42.604Z level=INFO msg="JSONL removed/renamed, re-establishing watch"
time=2026-02-12T17:24:42.655Z level=INFO msg="Successfully re-established JSONL watch" delay=50ms
time=2026-02-12T17:24:42.655Z level=INFO msg="JSONL file created" path=/home/pi/pfarm/.beads/issues.jsonl
time=2026-02-12T17:24:42.655Z level=INFO msg="Git ref change detected" path=/home/pi/pfarm/.git/refs/heads/main.lock
time=2026-02-12T17:24:43.024Z level=INFO msg="Pulled from remote"
time=2026-02-12T17:24:43.024Z level=INFO msg="🔍 Checking JSONL content hash AFTER pull (fix: auto-pull-not-pulling)"
time=2026-02-12T17:24:43.027Z level=INFO msg="Skipping: JSONL content unchanged" mode=auto-import
time=2026-02-12T17:24:43.656Z level=INFO msg="Import triggered by file change"
time=2026-02-12T17:24:43.657Z level=INFO msg="Starting auto-import" mode=auto-import
time=2026-02-12T17:24:45.040Z level=INFO msg="Pulled from remote"
time=2026-02-12T17:24:45.040Z level=INFO msg="🔍 Checking JSONL content hash AFTER pull (fix: auto-pull-not-pulling)"
time=2026-02-12T17:24:45.040Z level=INFO msg="Skipping: JSONL content unchanged" mode=auto-import
time=2026-02-12T18:21:59.423Z level=INFO msg="File change detected" path=/home/pi/pfarm/.beads/issues.jsonl
time=2026-02-12T18:21:59.423Z level=INFO msg="JSONL removed/renamed, re-establishing watch"
time=2026-02-12T18:21:59.473Z level=INFO msg="Successfully re-established JSONL watch" delay=50ms
time=2026-02-12T18:21:59.473Z level=INFO msg="JSONL file created" path=/home/pi/pfarm/.beads/issues.jsonl
time=2026-02-12T18:21:59.474Z level=INFO msg="Git ref change detected" path=/home/pi/pfarm/.git/refs/heads/main.lock
time=2026-02-12T18:22:00.474Z level=INFO msg="Import triggered by file change"
time=2026-02-12T18:22:00.478Z level=INFO msg="Starting auto-import" mode=auto-import
time=2026-02-12T18:22:01.778Z level=INFO msg="Pulled from remote"
time=2026-02-12T18:22:01.778Z level=INFO msg="🔍 Checking JSONL content hash AFTER pull (fix: auto-pull-not-pulling)"
time=2026-02-12T18:22:01.778Z level=INFO msg="Skipping: JSONL content unchanged" mode=auto-import
time=2026-02-13T03:22:31.197Z level=INFO msg="JSONL file created" path=/home/pi/pfarm/.beads/issues.jsonl
time=2026-02-13T03:22:31.197Z level=INFO msg="File change detected" path=/home/pi/pfarm/.beads/issues.jsonl
time=2026-02-13T03:22:31.292Z level=INFO msg="Git ref change detected" path=/home/pi/pfarm/.git/refs/heads/main.lock
time=2026-02-13T03:22:32.293Z level=INFO msg="Import triggered by file change"
time=2026-02-13T03:22:32.295Z level=INFO msg="Starting auto-import" mode=auto-import
time=2026-02-13T03:22:33.624Z level=INFO msg="Pulled from remote"
time=2026-02-13T03:22:33.624Z level=INFO msg="🔍 Checking JSONL content hash AFTER pull (fix: auto-pull-not-pulling)"
time=2026-02-13T03:22:33.625Z level=INFO msg="Skipping: JSONL content unchanged" mode=auto-import
time=2026-02-13T03:22:40.974Z level=INFO msg="JSONL file created" path=/home/pi/pfarm/.beads/issues.jsonl
time=2026-02-13T03:22:40.974Z level=INFO msg="File change detected" path=/home/pi/pfarm/.beads/issues.jsonl
time=2026-02-13T03:22:41.975Z level=INFO msg="Import triggered by file change"
time=2026-02-13T03:22:41.978Z level=INFO msg="Starting auto-import" mode=auto-import
time=2026-02-13T03:22:43.260Z level=INFO msg="Pulled from remote"
time=2026-02-13T03:22:43.260Z level=INFO msg="🔍 Checking JSONL content hash AFTER pull (fix: auto-pull-not-pulling)"
time=2026-02-13T03:22:43.260Z level=INFO msg="Skipping: JSONL content unchanged" mode=auto-import
time=2026-02-13T04:53:08.047Z level=INFO msg="File change detected" path=/home/pi/pfarm/.beads/issues.jsonl
time=2026-02-13T04:53:08.047Z level=INFO msg="JSONL removed/renamed, re-establishing watch"
time=2026-02-13T04:53:08.098Z level=INFO msg="Successfully re-established JSONL watch" delay=50ms
time=2026-02-13T04:53:08.098Z level=INFO msg="JSONL file created" path=/home/pi/pfarm/.beads/issues.jsonl
time=2026-02-13T04:53:08.098Z level=INFO msg="Git ref change detected" path=/home/pi/pfarm/.git/refs/heads/main.lock
time=2026-02-13T04:53:09.100Z level=INFO msg="Import triggered by file change"
time=2026-02-13T04:53:09.103Z level=INFO msg="Starting auto-import" mode=auto-import
time=2026-02-13T04:53:10.415Z level=INFO msg="Pulled from remote"
time=2026-02-13T04:53:10.415Z level=INFO msg="🔍 Checking JSONL content hash AFTER pull (fix: auto-pull-not-pulling)"
time=2026-02-13T04:53:10.415Z level=INFO msg="Skipping: JSONL content unchanged" mode=auto-import
time=2026-02-13T16:15:52.214Z level=INFO msg="JSONL file created" path=/home/pi/pfarm/.beads/issues.jsonl
time=2026-02-13T16:15:52.214Z level=INFO msg="File change detected" path=/home/pi/pfarm/.beads/issues.jsonl
time=2026-02-13T16:15:52.301Z level=INFO msg="Git ref change detected" path=/home/pi/pfarm/.git/refs/heads/main.lock
time=2026-02-13T16:15:53.302Z level=INFO msg="Import triggered by file change"
time=2026-02-13T16:15:53.304Z level=INFO msg="Starting auto-import" mode=auto-import
time=2026-02-13T16:15:53.723Z level=INFO msg="JSONL file created" path=/home/pi/pfarm/.beads/issues.jsonl
time=2026-02-13T16:15:53.723Z level=INFO msg="File change detected" path=/home/pi/pfarm/.beads/issues.jsonl
time=2026-02-13T16:15:54.544Z level=INFO msg="Pulled from remote"
time=2026-02-13T16:15:54.544Z level=INFO msg="🔍 Checking JSONL content hash AFTER pull (fix: auto-pull-not-pulling)"
time=2026-02-13T16:15:54.547Z level=INFO msg="Skipping: JSONL content unchanged" mode=auto-import
time=2026-02-13T16:15:54.723Z level=INFO msg="Import triggered by file change"
time=2026-02-13T16:15:54.724Z level=INFO msg="Starting auto-import" mode=auto-import
time=2026-02-13T16:15:55.957Z level=INFO msg="Pulled from remote"
time=2026-02-13T16:15:55.957Z level=INFO msg="🔍 Checking JSONL content hash AFTER pull (fix: auto-pull-not-pulling)"
time=2026-02-13T16:15:55.957Z level=INFO msg="Skipping: JSONL content unchanged" mode=auto-import
time=2026-02-13T20:07:14.633Z level=INFO msg="JSONL file created" path=/home/pi/pfarm/.beads/issues.jsonl
time=2026-02-13T20:07:14.633Z level=INFO msg="File change detected" path=/home/pi/pfarm/.beads/issues.jsonl
time=2026-02-13T20:07:14.720Z level=INFO msg="Git ref change detected" path=/home/pi/pfarm/.git/refs/heads/main.lock
time=2026-02-13T20:07:15.721Z level=INFO msg="Import triggered by file change"
time=2026-02-13T20:07:15.724Z level=INFO msg="Starting auto-import" mode=auto-import
time=2026-02-13T20:07:16.987Z level=INFO msg="Pulled from remote"
time=2026-02-13T20:07:16.988Z level=INFO msg="🔍 Checking JSONL content hash AFTER pull (fix: auto-pull-not-pulling)"
time=2026-02-13T20:07:16.988Z level=INFO msg="Skipping: JSONL content unchanged" mode=auto-import
time=2026-02-14T15:19:08.249Z level=INFO msg="JSONL file created" path=/home/pi/pfarm/.beads/issues.jsonl
time=2026-02-14T15:19:08.249Z level=INFO msg="File change detected" path=/home/pi/pfarm/.beads/issues.jsonl
time=2026-02-14T15:19:08.338Z level=INFO msg="Git ref change detected" path=/home/pi/pfarm/.git/refs/heads/main.lock
time=2026-02-14T15:19:09.340Z level=INFO msg="Import triggered by file change"
time=2026-02-14T15:19:09.342Z level=INFO msg="Starting auto-import" mode=auto-import
time=2026-02-14T15:19:10.725Z level=INFO msg="Pulled from remote"
time=2026-02-14T15:19:10.725Z level=INFO msg="🔍 Checking JSONL content hash AFTER pull (fix: auto-pull-not-pulling)"
time=2026-02-14T15:19:10.726Z level=INFO msg="Skipping: JSONL content unchanged" mode=auto-import
time=2026-02-14T15:21:22.639Z level=INFO msg="Git ref change detected" path=/home/pi/pfarm/.git/refs/heads/main.lock
time=2026-02-14T15:21:23.641Z level=INFO msg="Import triggered by file change"
time=2026-02-14T15:21:23.642Z level=INFO msg="Starting auto-import" mode=auto-import
time=2026-02-14T15:21:24.648Z level=INFO msg="Pulled from remote"
time=2026-02-14T15:21:24.648Z level=INFO msg="🔍 Checking JSONL content hash AFTER pull (fix: auto-pull-not-pulling)"
time=2026-02-14T15:21:24.648Z level=INFO msg="Skipping: JSONL content unchanged" mode=auto-import
time=2026-02-14T18:13:59.098Z level=INFO msg="JSONL file created" path=/home/pi/pfarm/.beads/issues.jsonl
time=2026-02-14T18:13:59.099Z level=INFO msg="File change detected" path=/home/pi/pfarm/.beads/issues.jsonl
time=2026-02-14T18:13:59.190Z level=INFO msg="Git ref change detected" path=/home/pi/pfarm/.git/refs/heads/main.lock
time=2026-02-14T18:14:00.190Z level=INFO msg="Import triggered by file change"
time=2026-02-14T18:14:00.193Z level=INFO msg="Starting auto-import" mode=auto-import
time=2026-02-14T18:14:01.404Z level=INFO msg="Pulled from remote"
time=2026-02-14T18:14:01.405Z level=INFO msg="🔍 Checking JSONL content hash AFTER pull (fix: auto-pull-not-pulling)"
time=2026-02-14T18:14:01.405Z level=INFO msg="Skipping: JSONL content unchanged" mode=auto-import
time=2026-02-14T18:14:06.579Z level=INFO msg="JSONL file created" path=/home/pi/pfarm/.beads/issues.jsonl
time=2026-02-14T18:14:06.579Z level=INFO msg="File change detected" path=/home/pi/pfarm/.beads/issues.jsonl
time=2026-02-14T18:14:07.581Z level=INFO msg="Import triggered by file change"
time=2026-02-14T18:14:07.583Z level=INFO msg="Starting auto-import" mode=auto-import
time=2026-02-14T18:14:08.764Z level=INFO msg="Pulled from remote"
time=2026-02-14T18:14:08.764Z level=INFO msg="🔍 Checking JSONL content hash AFTER pull (fix: auto-pull-not-pulling)"
time=2026-02-14T18:14:08.765Z level=INFO msg="Skipping: JSONL content unchanged" mode=auto-import
time=2026-02-15T00:59:21.448Z level=INFO msg="File change detected" path=/home/pi/pfarm/.beads/issues.jsonl
time=2026-02-15T00:59:21.448Z level=INFO msg="JSONL removed/renamed, re-establishing watch"
time=2026-02-15T00:59:21.499Z level=INFO msg="Successfully re-established JSONL watch" delay=50ms
time=2026-02-15T00:59:21.499Z level=INFO msg="JSONL file created" path=/home/pi/pfarm/.beads/issues.jsonl
time=2026-02-15T00:59:21.499Z level=INFO msg="Git ref change detected" path=/home/pi/pfarm/.git/refs/heads/main.lock
time=2026-02-15T00:59:22.500Z level=INFO msg="Import triggered by file change"
time=2026-02-15T00:59:22.502Z level=INFO msg="Starting auto-import" mode=auto-import
time=2026-02-15T00:59:23.738Z level=INFO msg="Pulled from remote"
time=2026-02-15T00:59:23.738Z level=INFO msg="🔍 Checking JSONL content hash AFTER pull (fix: auto-pull-not-pulling)"
time=2026-02-15T00:59:23.739Z level=INFO msg="Skipping: JSONL content unchanged" mode=auto-import
time=2026-02-15T16:26:19.094Z level=INFO msg="JSONL file created" path=/home/pi/pfarm/.beads/issues.jsonl
time=2026-02-15T16:26:19.094Z level=INFO msg="File change detected" path=/home/pi/pfarm/.beads/issues.jsonl
time=2026-02-15T16:26:20.095Z level=INFO msg="Import triggered by file change"
time=2026-02-15T16:26:20.098Z level=INFO msg="Starting auto-import" mode=auto-import
time=2026-02-15T16:26:21.897Z level=INFO msg="Pull failed" error="git pull failed: exit status 1\nfatal: couldn't find remote ref feat/modularization\n" backoff=30s
time=2026-02-15T16:26:23.427Z level=INFO msg="JSONL file created" path=/home/pi/pfarm/.beads/issues.jsonl
time=2026-02-15T16:26:23.427Z level=INFO msg="File change detected" path=/home/pi/pfarm/.beads/issues.jsonl
time=2026-02-15T16:26:24.429Z level=INFO msg="Import triggered by file change"
time=2026-02-15T16:26:24.431Z level=INFO msg="Skipping: in backoff period" mode=auto-import
time=2026-02-15T16:57:55.249Z level=INFO msg="Mutation detected" type=create issue_id=PFarm1-2ni
time=2026-02-15T16:57:55.749Z level=INFO msg="Export triggered by mutation events"
time=2026-02-15T16:57:55.749Z level=INFO msg=Starting mode=export
time=2026-02-15T16:57:55.775Z level=INFO msg="JSONL file created" path=/home/pi/pfarm/.beads/issues.jsonl
time=2026-02-15T16:57:55.782Z level=INFO msg="Exported to JSONL"
time=2026-02-15T16:57:55.784Z level=INFO msg="Export complete"
time=2026-02-15T16:57:56.776Z level=INFO msg="Import triggered by file change"
time=2026-02-15T16:57:56.777Z level=INFO msg="Starting auto-import" mode=auto-import
time=2026-02-15T16:57:56.786Z level=INFO msg="WARNING: Uncommitted local changes detected" path=/home/pi/pfarm/.beads/issues.jsonl
time=2026-02-15T16:57:56.786Z level=INFO msg="   Pulling from remote may overwrite local unpushed changes."
time=2026-02-15T16:57:56.786Z level=INFO msg="   Consider running 'bd sync' to commit and push your changes first."
time=2026-02-15T16:57:58.106Z level=INFO msg="Pulled from remote"
time=2026-02-15T16:57:58.106Z level=INFO msg="🔍 Checking JSONL content hash AFTER pull (fix: auto-pull-not-pulling)"
time=2026-02-15T16:57:58.107Z level=INFO msg="JSONL content changed, proceeding with operation..." mode=auto-import
time=2026-02-15T16:57:58.131Z level=INFO msg="Imported from JSONL"
time=2026-02-15T16:57:58.135Z level=INFO msg="Auto-import complete"
time=2026-02-15T16:58:09.651Z level=INFO msg="Mutation detected" type=create issue_id=PFarm1-2ni.1
time=2026-02-15T16:58:10.151Z level=INFO msg="Export triggered by mutation events"
time=2026-02-15T16:58:10.152Z level=INFO msg=Starting mode=export
time=2026-02-15T16:58:10.152Z level=INFO msg="JSONL changed externally, importing before export"
time=2026-02-15T16:58:10.170Z level=INFO msg="Auto-import complete, proceeding with export"
time=2026-02-15T16:58:10.184Z level=INFO msg="JSONL file created" path=/home/pi/pfarm/.beads/issues.jsonl
time=2026-02-15T16:58:10.191Z level=INFO msg="Exported to JSONL"
time=2026-02-15T16:58:10.191Z level=INFO msg="Export complete"
time=2026-02-15T16:58:11.185Z level=INFO msg="Import triggered by file change"
time=2026-02-15T16:58:11.186Z level=INFO msg="Starting auto-import" mode=auto-import
time=2026-02-15T16:58:11.192Z level=INFO msg="WARNING: Uncommitted local changes detected" path=/home/pi/pfarm/.beads/issues.jsonl
time=2026-02-15T16:58:11.192Z level=INFO msg="   Pulling from remote may overwrite local unpushed changes."
time=2026-02-15T16:58:11.192Z level=INFO msg="   Consider running 'bd sync' to commit and push your changes first."
time=2026-02-15T16:58:12.352Z level=INFO msg="Pulled from remote"
time=2026-02-15T16:58:12.352Z level=INFO msg="🔍 Checking JSONL content hash AFTER pull (fix: auto-pull-not-pulling)"
time=2026-02-15T16:58:12.353Z level=INFO msg="JSONL content changed, proceeding with operation..." mode=auto-import
time=2026-02-15T16:58:12.364Z level=INFO msg="Imported from JSONL"
time=2026-02-15T16:58:12.365Z level=INFO msg="Auto-import complete"
time=2026-02-15T16:58:19.545Z level=INFO msg="Mutation detected" type=create issue_id=PFarm1-2ni.2
time=2026-02-15T16:58:20.046Z level=INFO msg="Export triggered by mutation events"
time=2026-02-15T16:58:20.047Z level=INFO msg=Starting mode=export
time=2026-02-15T16:58:20.047Z level=INFO msg="JSONL changed externally, importing before export"
time=2026-02-15T16:58:20.063Z level=INFO msg="Auto-import complete, proceeding with export"
time=2026-02-15T16:58:20.076Z level=INFO msg="JSONL file created" path=/home/pi/pfarm/.beads/issues.jsonl
time=2026-02-15T16:58:20.076Z level=INFO msg="File change detected" path=/home/pi/pfarm/.beads/issues.jsonl
time=2026-02-15T16:58:20.084Z level=INFO msg="Exported to JSONL"
time=2026-02-15T16:58:20.084Z level=INFO msg="Export complete"
time=2026-02-15T16:58:21.077Z level=INFO msg="Import triggered by file change"
time=2026-02-15T16:58:21.078Z level=INFO msg="Starting auto-import" mode=auto-import
time=2026-02-15T16:58:21.083Z level=INFO msg="WARNING: Uncommitted local changes detected" path=/home/pi/pfarm/.beads/issues.jsonl
time=2026-02-15T16:58:21.083Z level=INFO msg="   Pulling from remote may overwrite local unpushed changes."
time=2026-02-15T16:58:21.083Z level=INFO msg="   Consider running 'bd sync' to commit and push your changes first."
time=2026-02-15T16:58:22.132Z level=INFO msg="Pulled from remote"
time=2026-02-15T16:58:22.132Z level=INFO msg="🔍 Checking JSONL content hash AFTER pull (fix: auto-pull-not-pulling)"
time=2026-02-15T16:58:22.132Z level=INFO msg="JSONL content changed, proceeding with operation..." mode=auto-import
time=2026-02-15T16:58:22.146Z level=INFO msg="Imported from JSONL"
time=2026-02-15T16:58:22.148Z level=INFO msg="Auto-import complete"
time=2026-02-15T16:59:55.493Z level=INFO msg="Mutation detected" type=create issue_id=PFarm1-uv5
time=2026-02-15T16:59:55.499Z level=INFO msg="Mutation detected" type=create issue_id=PFarm1-30o
time=2026-02-15T16:59:55.505Z level=INFO msg="Mutation detected" type=create issue_id=PFarm1-g5h
time=2026-02-15T16:59:55.511Z level=INFO msg="Mutation detected" type=create issue_id=PFarm1-9fi
time=2026-02-15T16:59:55.517Z level=INFO msg="Mutation detected" type=create issue_id=PFarm1-1l7
time=2026-02-15T16:59:55.523Z level=INFO msg="Mutation detected" type=create issue_id=PFarm1-h12
time=2026-02-15T16:59:55.529Z level=INFO msg="Mutation detected" type=create issue_id=PFarm1-xi4
time=2026-02-15T16:59:55.535Z level=INFO msg="Mutation detected" type=create issue_id=PFarm1-009
time=2026-02-15T16:59:55.542Z level=INFO msg="Mutation detected" type=create issue_id=PFarm1-yjy
time=2026-02-15T16:59:55.549Z level=INFO msg="Mutation detected" type=create issue_id=PFarm1-1x2
time=2026-02-15T16:59:55.555Z level=INFO msg="Mutation detected" type=create issue_id=PFarm1-fud
time=2026-02-15T16:59:55.561Z level=INFO msg="Mutation detected" type=create issue_id=PFarm1-dqh
time=2026-02-15T16:59:55.568Z level=INFO msg="Mutation detected" type=create issue_id=PFarm1-99o
time=2026-02-15T16:59:55.575Z level=INFO msg="Mutation detected" type=create issue_id=PFarm1-bgl
time=2026-02-15T16:59:56.075Z level=INFO msg="Export triggered by mutation events"
time=2026-02-15T16:59:56.076Z level=INFO msg=Starting mode=export
time=2026-02-15T16:59:56.076Z level=INFO msg="JSONL changed externally, importing before export"
time=2026-02-15T16:59:56.089Z level=INFO msg="Auto-import complete, proceeding with export"
time=2026-02-15T16:59:56.105Z level=INFO msg="JSONL file created" path=/home/pi/pfarm/.beads/issues.jsonl
time=2026-02-15T16:59:56.133Z level=INFO msg="Exported to JSONL"
time=2026-02-15T16:59:56.133Z level=INFO msg="Export complete"
time=2026-02-15T16:59:57.106Z level=INFO msg="Import triggered by file change"
time=2026-02-15T16:59:57.107Z level=INFO msg="Starting auto-import" mode=auto-import
time=2026-02-15T16:59:57.112Z level=INFO msg="WARNING: Uncommitted local changes detected" path=/home/pi/pfarm/.beads/issues.jsonl
time=2026-02-15T16:59:57.112Z level=INFO msg="   Pulling from remote may overwrite local unpushed changes."
time=2026-02-15T16:59:57.112Z level=INFO msg="   Consider running 'bd sync' to commit and push your changes first."
time=2026-02-15T16:59:58.129Z level=INFO msg="Pulled from remote"
time=2026-02-15T16:59:58.129Z level=INFO msg="🔍 Checking JSONL content hash AFTER pull (fix: auto-pull-not-pulling)"
time=2026-02-15T16:59:58.129Z level=INFO msg="JSONL content changed, proceeding with operation..." mode=auto-import
time=2026-02-15T16:59:58.148Z level=INFO msg="Imported from JSONL"
time=2026-02-15T16:59:58.149Z level=INFO msg="Auto-import complete"
time=2026-02-15T17:00:39.262Z level=INFO msg="Mutation detected" type=create issue_id=PFarm1-6tb
time=2026-02-15T17:00:39.268Z level=INFO msg="Mutation detected" type=create issue_id=PFarm1-j62
time=2026-02-15T17:00:39.275Z level=INFO msg="Mutation detected" type=create issue_id=PFarm1-h25
time=2026-02-15T17:00:39.282Z level=INFO msg="Mutation detected" type=create issue_id=PFarm1-uag
time=2026-02-15T17:00:39.288Z level=INFO msg="Mutation detected" type=create issue_id=PFarm1-xn6
time=2026-02-15T17:00:39.293Z level=INFO msg="Mutation detected" type=create issue_id=PFarm1-chx
time=2026-02-15T17:00:39.793Z level=INFO msg="Export triggered by mutation events"
time=2026-02-15T17:00:39.794Z level=INFO msg=Starting mode=export
time=2026-02-15T17:00:39.794Z level=INFO msg="JSONL changed externally, importing before export"
time=2026-02-15T17:00:39.821Z level=INFO msg="Auto-import complete, proceeding with export"
time=2026-02-15T17:00:39.836Z level=INFO msg="JSONL file created" path=/home/pi/pfarm/.beads/issues.jsonl
time=2026-02-15T17:00:39.836Z level=INFO msg="File change detected" path=/home/pi/pfarm/.beads/issues.jsonl
time=2026-02-15T17:00:39.847Z level=INFO msg="Exported to JSONL"
time=2026-02-15T17:00:39.847Z level=INFO msg="Export complete"
time=2026-02-15T17:00:40.838Z level=INFO msg="Import triggered by file change"
time=2026-02-15T17:00:40.839Z level=INFO msg="Starting auto-import" mode=auto-import
time=2026-02-15T17:00:40.844Z level=INFO msg="WARNING: Uncommitted local changes detected" path=/home/pi/pfarm/.beads/issues.jsonl
time=2026-02-15T17:00:40.844Z level=INFO msg="   Pulling from remote may overwrite local unpushed changes."
time=2026-02-15T17:00:40.844Z level=INFO msg="   Consider running 'bd sync' to commit and push your changes first."
time=2026-02-15T17:00:42.092Z level=INFO msg="Pulled from remote"
time=2026-02-15T17:00:42.092Z level=INFO msg="🔍 Checking JSONL content hash AFTER pull (fix: auto-pull-not-pulling)"
time=2026-02-15T17:00:42.093Z level=INFO msg="JSONL content changed, proceeding with operation..." mode=auto-import
time=2026-02-15T17:00:42.109Z level=INFO msg="Imported from JSONL"
time=2026-02-15T17:00:42.111Z level=INFO msg="Auto-import complete"
time=2026-02-15T17:01:00.344Z level=INFO msg="Mutation detected" type=update issue_id=PFarm1-g5h
time=2026-02-15T17:01:00.421Z level=INFO msg="Mutation detected" type=update issue_id=PFarm1-9fi
time=2026-02-15T17:01:00.489Z level=INFO msg="Mutation detected" type=update issue_id=PFarm1-30o
time=2026-02-15T17:01:00.557Z level=INFO msg="Mutation detected" type=update issue_id=PFarm1-1l7
time=2026-02-15T17:01:00.628Z level=INFO msg="Mutation detected" type=update issue_id=PFarm1-1l7
time=2026-02-15T17:01:00.702Z level=INFO msg="Mutation detected" type=update issue_id=PFarm1-h12
time=2026-02-15T17:01:00.771Z level=INFO msg="Mutation detected" type=update issue_id=PFarm1-xi4
time=2026-02-15T17:01:00.839Z level=INFO msg="Mutation detected" type=update issue_id=PFarm1-009
time=2026-02-15T17:01:00.905Z level=INFO msg="Mutation detected" type=update issue_id=PFarm1-009
time=2026-02-15T17:01:00.972Z level=INFO msg="Mutation detected" type=update issue_id=PFarm1-yjy
time=2026-02-15T17:01:01.044Z level=INFO msg="Mutation detected" type=update issue_id=PFarm1-1x2
time=2026-02-15T17:01:01.123Z level=INFO msg="Mutation detected" type=update issue_id=PFarm1-1x2
time=2026-02-15T17:01:01.192Z level=INFO msg="Mutation detected" type=update issue_id=PFarm1-fud
time=2026-02-15T17:01:01.261Z level=INFO msg="Mutation detected" type=update issue_id=PFarm1-dqh
time=2026-02-15T17:01:01.346Z level=INFO msg="Mutation detected" type=update issue_id=PFarm1-dqh
time=2026-02-15T17:01:01.458Z level=INFO msg="Mutation detected" type=update issue_id=PFarm1-99o
time=2026-02-15T17:01:01.530Z level=INFO msg="Mutation detected" type=update issue_id=PFarm1-99o
time=2026-02-15T17:01:01.637Z level=INFO msg="Mutation detected" type=update issue_id=PFarm1-99o
time=2026-02-15T17:01:01.715Z level=INFO msg="Mutation detected" type=update issue_id=PFarm1-bgl
time=2026-02-15T17:01:02.216Z level=INFO msg="Export triggered by mutation events"
time=2026-02-15T17:01:02.216Z level=INFO msg=Starting mode=export
time=2026-02-15T17:01:02.217Z level=INFO msg="JSONL changed externally, importing before export"
time=2026-02-15T17:01:02.232Z level=INFO msg="Auto-import complete, proceeding with export"
time=2026-02-15T17:01:02.247Z level=INFO msg="JSONL file created" path=/home/pi/pfarm/.beads/issues.jsonl
time=2026-02-15T17:01:02.257Z level=INFO msg="Exported to JSONL"
time=2026-02-15T17:01:02.257Z level=INFO msg="Export complete"
time=2026-02-15T17:01:03.248Z level=INFO msg="Import triggered by file change"
time=2026-02-15T17:01:03.249Z level=INFO msg="Starting auto-import" mode=auto-import
time=2026-02-15T17:01:03.254Z level=INFO msg="WARNING: Uncommitted local changes detected" path=/home/pi/pfarm/.beads/issues.jsonl
time=2026-02-15T17:01:03.254Z level=INFO msg="   Pulling from remote may overwrite local unpushed changes."
time=2026-02-15T17:01:03.254Z level=INFO msg="   Consider running 'bd sync' to commit and push your changes first."
time=2026-02-15T17:01:04.329Z level=INFO msg="Pulled from remote"
time=2026-02-15T17:01:04.329Z level=INFO msg="🔍 Checking JSONL content hash AFTER pull (fix: auto-pull-not-pulling)"
time=2026-02-15T17:01:04.329Z level=INFO msg="JSONL content changed, proceeding with operation..." mode=auto-import
time=2026-02-15T17:01:04.343Z level=INFO msg="Imported from JSONL"
time=2026-02-15T17:01:04.344Z level=INFO msg="Auto-import complete"
time=2026-02-15T17:01:08.373Z level=INFO msg="Mutation detected" type=update issue_id=PFarm1-j62
time=2026-02-15T17:01:08.482Z level=INFO msg="Mutation detected" type=update issue_id=PFarm1-h25
time=2026-02-15T17:01:08.545Z level=INFO msg="Mutation detected" type=update issue_id=PFarm1-uag
time=2026-02-15T17:01:08.618Z level=INFO msg="Mutation detected" type=update issue_id=PFarm1-xn6
time=2026-02-15T17:01:08.700Z level=INFO msg="Mutation detected" type=update issue_id=PFarm1-xn6
time=2026-02-15T17:01:08.845Z level=INFO msg="Mutation detected" type=update issue_id=PFarm1-chx
time=2026-02-15T17:01:08.907Z level=INFO msg="Mutation detected" type=update issue_id=PFarm1-chx
time=2026-02-15T17:01:08.990Z level=INFO msg="Mutation detected" type=update issue_id=PFarm1-chx
time=2026-02-15T17:01:09.057Z level=INFO msg="Mutation detected" type=update issue_id=PFarm1-chx
time=2026-02-15T17:01:09.557Z level=INFO msg="Export triggered by mutation events"
time=2026-02-15T17:01:09.558Z level=INFO msg=Starting mode=export
time=2026-02-15T17:01:09.559Z level=INFO msg="JSONL changed externally, importing before export"
time=2026-02-15T17:01:09.573Z level=INFO msg="Auto-import complete, proceeding with export"
time=2026-02-15T17:01:09.588Z level=INFO msg="JSONL file created" path=/home/pi/pfarm/.beads/issues.jsonl
time=2026-02-15T17:01:09.597Z level=INFO msg="Exported to JSONL"
time=2026-02-15T17:01:09.597Z level=INFO msg="Export complete"
time=2026-02-15T17:01:10.589Z level=INFO msg="Import triggered by file change"
time=2026-02-15T17:01:10.590Z level=INFO msg="Starting auto-import" mode=auto-import
time=2026-02-15T17:01:10.595Z level=INFO msg="WARNING: Uncommitted local changes detected" path=/home/pi/pfarm/.beads/issues.jsonl
time=2026-02-15T17:01:10.595Z level=INFO msg="   Pulling from remote may overwrite local unpushed changes."
time=2026-02-15T17:01:10.595Z level=INFO msg="   Consider running 'bd sync' to commit and push your changes first."
time=2026-02-15T17:01:11.692Z level=INFO msg="Pulled from remote"
time=2026-02-15T17:01:11.692Z level=INFO msg="🔍 Checking JSONL content hash AFTER pull (fix: auto-pull-not-pulling)"
time=2026-02-15T17:01:11.693Z level=INFO msg="JSONL content changed, proceeding with operation..." mode=auto-import
time=2026-02-15T17:01:11.706Z level=INFO msg="Imported from JSONL"
time=2026-02-15T17:01:11.708Z level=INFO msg="Auto-import complete"
time=2026-02-15T17:01:59.430Z level=INFO msg="JSONL file created" path=/home/pi/pfarm/.beads/issues.jsonl
time=2026-02-15T17:01:59.430Z level=INFO msg="File change detected" path=/home/pi/pfarm/.beads/issues.jsonl
time=2026-02-15T17:02:00.431Z level=INFO msg="Import triggered by file change"
time=2026-02-15T17:02:00.432Z level=INFO msg="Starting auto-import" mode=auto-import
time=2026-02-15T17:02:00.437Z level=INFO msg="WARNING: Uncommitted local changes detected" path=/home/pi/pfarm/.beads/issues.jsonl
time=2026-02-15T17:02:00.437Z level=INFO msg="   Pulling from remote may overwrite local unpushed changes."
time=2026-02-15T17:02:00.437Z level=INFO msg="   Consider running 'bd sync' to commit and push your changes first."
time=2026-02-15T17:02:01.453Z level=INFO msg="Pulled from remote"
time=2026-02-15T17:02:01.453Z level=INFO msg="🔍 Checking JSONL content hash AFTER pull (fix: auto-pull-not-pulling)"
time=2026-02-15T17:02:01.454Z level=INFO msg="Skipping: JSONL content unchanged" mode=auto-import
time=2026-02-15T17:02:11.322Z level=INFO msg="JSONL file created" path=/home/pi/pfarm/.beads/issues.jsonl
time=2026-02-15T17:02:11.322Z level=INFO msg="File change detected" path=/home/pi/pfarm/.beads/issues.jsonl
time=2026-02-15T17:02:12.323Z level=INFO msg="Import triggered by file change"
time=2026-02-15T17:02:12.326Z level=INFO msg="Starting auto-import" mode=auto-import
time=2026-02-15T17:02:13.398Z level=INFO msg="Pulled from remote"
time=2026-02-15T17:02:13.398Z level=INFO msg="🔍 Checking JSONL content hash AFTER pull (fix: auto-pull-not-pulling)"
time=2026-02-15T17:02:13.398Z level=INFO msg="Skipping: JSONL content unchanged" mode=auto-import
time=2026-02-15T17:02:20.073Z level=INFO msg="JSONL file created" path=/home/pi/pfarm/.beads/issues.jsonl
time=2026-02-15T17:02:20.073Z level=INFO msg="File change detected" path=/home/pi/pfarm/.beads/issues.jsonl
time=2026-02-15T17:02:21.075Z level=INFO msg="Import triggered by file change"
time=2026-02-15T17:02:21.077Z level=INFO msg="Starting auto-import" mode=auto-import
time=2026-02-15T17:02:22.116Z level=INFO msg="Pulled from remote"
time=2026-02-15T17:02:22.116Z level=INFO msg="🔍 Checking JSONL content hash AFTER pull (fix: auto-pull-not-pulling)"
time=2026-02-15T17:02:22.117Z level=INFO msg="Skipping: JSONL content unchanged" mode=auto-import
time=2026-02-15T17:03:34.607Z level=INFO msg="Mutation detected" type=status issue_id=PFarm1-2ni
time=2026-02-15T17:03:34.657Z level=INFO msg="Mutation detected" type=status issue_id=PFarm1-2ni.1
time=2026-02-15T17:03:34.711Z level=INFO msg="Mutation detected" type=status issue_id=PFarm1-uv5
time=2026-02-15T17:03:35.212Z level=INFO msg="Export triggered by mutation events"
time=2026-02-15T17:03:35.212Z level=INFO msg=Starting mode=export
time=2026-02-15T17:03:35.229Z level=INFO msg="JSONL file created" path=/home/pi/pfarm/.beads/issues.jsonl
time=2026-02-15T17:03:35.236Z level=INFO msg="Exported to JSONL"
time=2026-02-15T17:03:35.236Z level=INFO msg="Export complete"
time=2026-02-15T17:03:36.231Z level=INFO msg="Import triggered by file change"
time=2026-02-15T17:03:36.231Z level=INFO msg="Starting auto-import" mode=auto-import
time=2026-02-15T17:03:36.237Z level=INFO msg="WARNING: Uncommitted local changes detected" path=/home/pi/pfarm/.beads/issues.jsonl
time=2026-02-15T17:03:36.237Z level=INFO msg="   Pulling from remote may overwrite local unpushed changes."
time=2026-02-15T17:03:36.237Z level=INFO msg="   Consider running 'bd sync' to commit and push your changes first."
time=2026-02-15T17:03:37.277Z level=INFO msg="Pulled from remote"
time=2026-02-15T17:03:37.277Z level=INFO msg="🔍 Checking JSONL content hash AFTER pull (fix: auto-pull-not-pulling)"
time=2026-02-15T17:03:37.278Z level=INFO msg="JSONL content changed, proceeding with operation..." mode=auto-import
time=2026-02-15T17:03:37.292Z level=INFO msg="Imported from JSONL"
time=2026-02-15T17:03:37.293Z level=INFO msg="Auto-import complete"
time=2026-02-15T17:13:48.674Z level=INFO msg="Mutation detected" type=status issue_id=PFarm1-uv5
time=2026-02-15T17:13:48.781Z level=INFO msg="JSONL file created" path=/home/pi/pfarm/.beads/issues.jsonl
time=2026-02-15T17:13:48.781Z level=INFO msg="File change detected" path=/home/pi/pfarm/.beads/issues.jsonl
time=2026-02-15T17:13:49.028Z level=INFO msg="JSONL file created" path=/home/pi/pfarm/.beads/issues.jsonl
time=2026-02-15T17:13:49.175Z level=INFO msg="Export triggered by mutation events"
time=2026-02-15T17:13:49.178Z level=INFO msg=Starting mode=export
time=2026-02-15T17:13:49.194Z level=INFO msg="JSONL file created" path=/home/pi/pfarm/.beads/issues.jsonl
time=2026-02-15T17:13:49.199Z level=INFO msg="Exported to JSONL"
time=2026-02-15T17:13:49.199Z level=INFO msg="Export complete"
time=2026-02-15T17:13:50.195Z level=INFO msg="Import triggered by file change"
time=2026-02-15T17:13:50.198Z level=INFO msg="Starting auto-import" mode=auto-import
time=2026-02-15T17:13:50.286Z level=INFO msg="JSONL file created" path=/home/pi/pfarm/.beads/issues.jsonl
time=2026-02-15T17:13:50.286Z level=INFO msg="File change detected" path=/home/pi/pfarm/.beads/issues.jsonl
time=2026-02-15T17:13:51.193Z level=INFO msg="Pulled from remote"
time=2026-02-15T17:13:51.193Z level=INFO msg="🔍 Checking JSONL content hash AFTER pull (fix: auto-pull-not-pulling)"
time=2026-02-15T17:13:51.196Z level=INFO msg="Skipping: JSONL content unchanged" mode=auto-import
time=2026-02-15T17:13:51.288Z level=INFO msg="Import triggered by file change"
time=2026-02-15T17:13:51.289Z level=INFO msg="Starting auto-import" mode=auto-import
time=2026-02-15T17:13:52.274Z level=INFO msg="Pulled from remote"
time=2026-02-15T17:13:52.274Z level=INFO msg="🔍 Checking JSONL content hash AFTER pull (fix: auto-pull-not-pulling)"
time=2026-02-15T17:13:52.275Z level=INFO msg="Skipping: JSONL content unchanged" mode=auto-import
time=2026-02-15T17:14:07.516Z level=INFO msg="Mutation detected" type=status issue_id=PFarm1-g5h
time=2026-02-15T17:14:07.574Z level=INFO msg="Mutation detected" type=status issue_id=PFarm1-9fi
time=2026-02-15T17:14:08.075Z level=INFO msg="Export triggered by mutation events"
time=2026-02-15T17:14:08.075Z level=INFO msg=Starting mode=export
time=2026-02-15T17:14:08.091Z level=INFO msg="JSONL file created" path=/home/pi/pfarm/.beads/issues.jsonl
time=2026-02-15T17:14:08.091Z level=INFO msg="File change detected" path=/home/pi/pfarm/.beads/issues.jsonl
time=2026-02-15T17:14:08.099Z level=INFO msg="Exported to JSONL"
time=2026-02-15T17:14:08.099Z level=INFO msg="Export complete"
time=2026-02-15T17:14:09.092Z level=INFO msg="Import triggered by file change"
time=2026-02-15T17:14:09.093Z level=INFO msg="Starting auto-import" mode=auto-import
time=2026-02-15T17:14:09.098Z level=INFO msg="WARNING: Uncommitted local changes detected" path=/home/pi/pfarm/.beads/issues.jsonl
time=2026-02-15T17:14:09.098Z level=INFO msg="   Pulling from remote may overwrite local unpushed changes."
time=2026-02-15T17:14:09.098Z level=INFO msg="   Consider running 'bd sync' to commit and push your changes first."
time=2026-02-15T17:14:10.294Z level=INFO msg="Pulled from remote"
time=2026-02-15T17:14:10.294Z level=INFO msg="🔍 Checking JSONL content hash AFTER pull (fix: auto-pull-not-pulling)"
time=2026-02-15T17:14:10.294Z level=INFO msg="JSONL content changed, proceeding with operation..." mode=auto-import
time=2026-02-15T17:14:10.309Z level=INFO msg="Imported from JSONL"
time=2026-02-15T17:14:10.311Z level=INFO msg="Auto-import complete"
time=2026-02-15T18:19:15.232Z level=INFO msg="JSONL file created" path=/home/pi/pfarm/.beads/issues.jsonl
time=2026-02-15T18:19:15.232Z level=INFO msg="File change detected" path=/home/pi/pfarm/.beads/issues.jsonl
time=2026-02-15T18:19:16.233Z level=INFO msg="Import triggered by file change"
time=2026-02-15T18:19:16.235Z level=INFO msg="Starting auto-import" mode=auto-import
time=2026-02-15T18:19:17.245Z level=INFO msg="Pulled from remote"
time=2026-02-15T18:19:17.245Z level=INFO msg="🔍 Checking JSONL content hash AFTER pull (fix: auto-pull-not-pulling)"
time=2026-02-15T18:19:17.245Z level=INFO msg="Skipping: JSONL content unchanged" mode=auto-import
time=2026-02-15T18:19:20.985Z level=INFO msg="Mutation detected" type=status issue_id=PFarm1-g5h
time=2026-02-15T18:19:21.045Z level=INFO msg="Mutation detected" type=status issue_id=PFarm1-9fi
time=2026-02-15T18:19:21.147Z level=INFO msg="JSONL file created" path=/home/pi/pfarm/.beads/issues.jsonl
time=2026-02-15T18:19:21.147Z level=INFO msg="File change detected" path=/home/pi/pfarm/.beads/issues.jsonl
time=2026-02-15T18:19:21.545Z level=INFO msg="Export triggered by mutation events"
time=2026-02-15T18:19:21.546Z level=INFO msg=Starting mode=export
time=2026-02-15T18:19:21.546Z level=INFO msg="JSONL changed externally, importing before export"
time=2026-02-15T18:19:21.562Z level=INFO msg="Auto-import complete, proceeding with export"
time=2026-02-15T18:19:21.577Z level=INFO msg="JSONL file created" path=/home/pi/pfarm/.beads/issues.jsonl
time=2026-02-15T18:19:21.587Z level=INFO msg="Exported to JSONL"
time=2026-02-15T18:19:21.587Z level=INFO msg="Export complete"
time=2026-02-15T18:19:22.579Z level=INFO msg="Import triggered by file change"
time=2026-02-15T18:19:22.580Z level=INFO msg="Starting auto-import" mode=auto-import
time=2026-02-15T18:19:22.585Z level=INFO msg="WARNING: Uncommitted local changes detected" path=/home/pi/pfarm/.beads/issues.jsonl
time=2026-02-15T18:19:22.585Z level=INFO msg="   Pulling from remote may overwrite local unpushed changes."
time=2026-02-15T18:19:22.585Z level=INFO msg="   Consider running 'bd sync' to commit and push your changes first."
time=2026-02-15T18:19:23.629Z level=INFO msg="Pulled from remote"
time=2026-02-15T18:19:23.629Z level=INFO msg="🔍 Checking JSONL content hash AFTER pull (fix: auto-pull-not-pulling)"
time=2026-02-15T18:19:23.630Z level=INFO msg="Skipping: JSONL content unchanged" mode=auto-import
time=2026-02-15T18:19:30.140Z level=INFO msg="JSONL file created" path=/home/pi/pfarm/.beads/issues.jsonl
time=2026-02-15T18:19:30.140Z level=INFO msg="File change detected" path=/home/pi/pfarm/.beads/issues.jsonl
time=2026-02-15T18:19:31.140Z level=INFO msg="Import triggered by file change"
time=2026-02-15T18:19:31.143Z level=INFO msg="Starting auto-import" mode=auto-import
time=2026-02-15T18:19:31.553Z level=INFO msg="JSONL file created" path=/home/pi/pfarm/.beads/issues.jsonl
time=2026-02-15T18:19:31.553Z level=INFO msg="File change detected" path=/home/pi/pfarm/.beads/issues.jsonl
time=2026-02-15T18:19:32.156Z level=INFO msg="Pulled from remote"
time=2026-02-15T18:19:32.156Z level=INFO msg="🔍 Checking JSONL content hash AFTER pull (fix: auto-pull-not-pulling)"
time=2026-02-15T18:19:32.158Z level=INFO msg="Skipping: JSONL content unchanged" mode=auto-import
time=2026-02-15T18:19:32.555Z level=INFO msg="Import triggered by file change"
time=2026-02-15T18:19:32.556Z level=INFO msg="Starting auto-import" mode=auto-import
time=2026-02-15T18:19:33.573Z level=INFO msg="Pulled from remote"
time=2026-02-15T18:19:33.573Z level=INFO msg="🔍 Checking JSONL content hash AFTER pull (fix: auto-pull-not-pulling)"
time=2026-02-15T18:19:33.573Z level=INFO msg="Skipping: JSONL content unchanged" mode=auto-import
time=2026-02-15T18:21:29.348Z level=INFO msg="Mutation detected" type=status issue_id=PFarm1-30o
time=2026-02-15T18:21:29.849Z level=INFO msg="Export triggered by mutation events"
time=2026-02-15T18:21:29.850Z level=INFO msg=Starting mode=export
time=2026-02-15T18:21:29.866Z level=INFO msg="JSONL file created" path=/home/pi/pfarm/.beads/issues.jsonl
time=2026-02-15T18:21:29.873Z level=INFO msg="Exported to JSONL"
time=2026-02-15T18:21:29.873Z level=INFO msg="Export complete"
time=2026-02-15T18:21:30.868Z level=INFO msg="Import triggered by file change"
time=2026-02-15T18:21:30.869Z level=INFO msg="Starting auto-import" mode=auto-import
time=2026-02-15T18:21:30.874Z level=INFO msg="WARNING: Uncommitted local changes detected" path=/home/pi/pfarm/.beads/issues.jsonl
time=2026-02-15T18:21:30.874Z level=INFO msg="   Pulling from remote may overwrite local unpushed changes."
time=2026-02-15T18:21:30.874Z level=INFO msg="   Consider running 'bd sync' to commit and push your changes first."
time=2026-02-15T18:21:31.884Z level=INFO msg="Pulled from remote"
time=2026-02-15T18:21:31.884Z level=INFO msg="🔍 Checking JSONL content hash AFTER pull (fix: auto-pull-not-pulling)"
time=2026-02-15T18:21:31.885Z level=INFO msg="JSONL content changed, proceeding with operation..." mode=auto-import
time=2026-02-15T18:21:31.899Z level=INFO msg="Imported from JSONL"
time=2026-02-15T18:21:31.901Z level=INFO msg="Auto-import complete"
time=2026-02-15T18:42:45.073Z level=INFO msg="JSONL file created" path=/home/pi/pfarm/.beads/issues.jsonl
time=2026-02-15T18:42:45.073Z level=INFO msg="File change detected" path=/home/pi/pfarm/.beads/issues.jsonl
time=2026-02-15T18:42:46.074Z level=INFO msg="Import triggered by file change"
time=2026-02-15T18:42:46.077Z level=INFO msg="Starting auto-import" mode=auto-import
time=2026-02-15T18:42:47.115Z level=INFO msg="Pulled from remote"
time=2026-02-15T18:42:47.115Z level=INFO msg="🔍 Checking JSONL content hash AFTER pull (fix: auto-pull-not-pulling)"
time=2026-02-15T18:42:47.115Z level=INFO msg="Skipping: JSONL content unchanged" mode=auto-import
time=2026-02-15T18:43:02.053Z level=INFO msg="Mutation detected" type=status issue_id=PFarm1-30o
time=2026-02-15T18:43:02.152Z level=INFO msg="JSONL file created" path=/home/pi/pfarm/.beads/issues.jsonl
time=2026-02-15T18:43:02.152Z level=INFO msg="File change detected" path=/home/pi/pfarm/.beads/issues.jsonl
time=2026-02-15T18:43:02.554Z level=INFO msg="Export triggered by mutation events"
time=2026-02-15T18:43:02.554Z level=INFO msg=Starting mode=export
time=2026-02-15T18:43:02.555Z level=INFO msg="JSONL changed externally, importing before export"
time=2026-02-15T18:43:02.571Z level=INFO msg="Auto-import complete, proceeding with export"
time=2026-02-15T18:43:02.587Z level=INFO msg="JSONL file created" path=/home/pi/pfarm/.beads/issues.jsonl
time=2026-02-15T18:43:02.596Z level=INFO msg="Exported to JSONL"
time=2026-02-15T18:43:02.596Z level=INFO msg="Export complete"
time=2026-02-15T18:43:03.409Z level=INFO msg="JSONL file created" path=/home/pi/pfarm/.beads/issues.jsonl
time=2026-02-15T18:43:03.409Z level=INFO msg="File change detected" path=/home/pi/pfarm/.beads/issues.jsonl
time=2026-02-15T18:43:03.588Z level=INFO msg="Import triggered by file change"
time=2026-02-15T18:43:03.591Z level=INFO msg="Starting auto-import" mode=auto-import
time=2026-02-15T18:43:03.599Z level=INFO msg="WARNING: Uncommitted local changes detected" path=/home/pi/pfarm/.beads/issues.jsonl
time=2026-02-15T18:43:03.599Z level=INFO msg="   Pulling from remote may overwrite local unpushed changes."
time=2026-02-15T18:43:03.600Z level=INFO msg="   Consider running 'bd sync' to commit and push your changes first."
time=2026-02-15T18:43:04.410Z level=INFO msg="Import triggered by file change"
time=2026-02-15T18:43:04.411Z level=INFO msg="Starting auto-import" mode=auto-import
time=2026-02-15T18:43:04.420Z level=INFO msg="WARNING: Uncommitted local changes detected" path=/home/pi/pfarm/.beads/issues.jsonl
time=2026-02-15T18:43:04.420Z level=INFO msg="   Pulling from remote may overwrite local unpushed changes."
time=2026-02-15T18:43:04.420Z level=INFO msg="   Consider running 'bd sync' to commit and push your changes first."
time=2026-02-15T18:43:04.771Z level=INFO msg="Pulled from remote"
time=2026-02-15T18:43:04.771Z level=INFO msg="🔍 Checking JSONL content hash AFTER pull (fix: auto-pull-not-pulling)"
time=2026-02-15T18:43:04.771Z level=INFO msg="Skipping: JSONL content unchanged" mode=auto-import
time=2026-02-15T18:43:05.798Z level=INFO msg="Pulled from remote"
time=2026-02-15T18:43:05.798Z level=INFO msg="🔍 Checking JSONL content hash AFTER pull (fix: auto-pull-not-pulling)"
time=2026-02-15T18:43:05.799Z level=INFO msg="Skipping: JSONL content unchanged" mode=auto-import
time=2026-02-15T18:43:10.947Z level=INFO msg="JSONL file created" path=/home/pi/pfarm/.beads/issues.jsonl
time=2026-02-15T18:43:10.948Z level=INFO msg="File change detected" path=/home/pi/pfarm/.beads/issues.jsonl
time=2026-02-15T18:43:11.949Z level=INFO msg="Import triggered by file change"
time=2026-02-15T18:43:11.952Z level=INFO msg="Starting auto-import" mode=auto-import
time=2026-02-15T18:43:12.066Z level=INFO msg="JSONL file created" path=/home/pi/pfarm/.beads/issues.jsonl
time=2026-02-15T18:43:12.066Z level=INFO msg="File change detected" path=/home/pi/pfarm/.beads/issues.jsonl
time=2026-02-15T18:43:13.058Z level=INFO msg="Pulled from remote"
time=2026-02-15T18:43:13.058Z level=INFO msg="🔍 Checking JSONL content hash AFTER pull (fix: auto-pull-not-pulling)"
time=2026-02-15T18:43:13.060Z level=INFO msg="Skipping: JSONL content unchanged" mode=auto-import
time=2026-02-15T18:43:13.067Z level=INFO msg="Import triggered by file change"
time=2026-02-15T18:43:13.068Z level=INFO msg="Starting auto-import" mode=auto-import
time=2026-02-15T18:43:14.155Z level=INFO msg="Pulled from remote"
time=2026-02-15T18:43:14.155Z level=INFO msg="🔍 Checking JSONL content hash AFTER pull (fix: auto-pull-not-pulling)"
time=2026-02-15T18:43:14.155Z level=INFO msg="Skipping: JSONL content unchanged" mode=auto-import
time=2026-02-15T18:44:05.132Z level=INFO msg="Mutation detected" type=status issue_id=PFarm1-1l7
time=2026-02-15T18:44:05.632Z level=INFO msg="Export triggered by mutation events"
time=2026-02-15T18:44:05.632Z level=INFO msg=Starting mode=export
time=2026-02-15T18:44:05.648Z level=INFO msg="JSONL file created" path=/home/pi/pfarm/.beads/issues.jsonl
time=2026-02-15T18:44:05.655Z level=INFO msg="Exported to JSONL"
time=2026-02-15T18:44:05.655Z level=INFO msg="Export complete"
time=2026-02-15T18:44:06.649Z level=INFO msg="Import triggered by file change"
time=2026-02-15T18:44:06.650Z level=INFO msg="Starting auto-import" mode=auto-import
time=2026-02-15T18:44:06.655Z level=INFO msg="WARNING: Uncommitted local changes detected" path=/home/pi/pfarm/.beads/issues.jsonl
time=2026-02-15T18:44:06.655Z level=INFO msg="   Pulling from remote may overwrite local unpushed changes."
time=2026-02-15T18:44:06.655Z level=INFO msg="   Consider running 'bd sync' to commit and push your changes first."
time=2026-02-15T18:44:07.708Z level=INFO msg="Pulled from remote"
time=2026-02-15T18:44:07.708Z level=INFO msg="🔍 Checking JSONL content hash AFTER pull (fix: auto-pull-not-pulling)"
time=2026-02-15T18:44:07.709Z level=INFO msg="JSONL content changed, proceeding with operation..." mode=auto-import
time=2026-02-15T18:44:07.721Z level=INFO msg="Imported from JSONL"
time=2026-02-15T18:44:07.725Z level=INFO msg="Auto-import complete"
time=2026-02-15T22:05:25.915Z level=INFO msg="JSONL file created" path=/home/pi/pfarm/.beads/issues.jsonl
time=2026-02-15T22:05:25.915Z level=INFO msg="File change detected" path=/home/pi/pfarm/.beads/issues.jsonl
time=2026-02-15T22:05:26.916Z level=INFO msg="Import triggered by file change"
time=2026-02-15T22:05:26.918Z level=INFO msg="Starting auto-import" mode=auto-import
time=2026-02-15T22:05:28.181Z level=INFO msg="Pulled from remote"
time=2026-02-15T22:05:28.181Z level=INFO msg="🔍 Checking JSONL content hash AFTER pull (fix: auto-pull-not-pulling)"
time=2026-02-15T22:05:28.182Z level=INFO msg="Skipping: JSONL content unchanged" mode=auto-import
time=2026-02-15T22:05:30.974Z level=INFO msg="Mutation detected" type=status issue_id=PFarm1-1l7
time=2026-02-15T22:05:31.474Z level=INFO msg="Export triggered by mutation events"
time=2026-02-15T22:05:31.475Z level=INFO msg=Starting mode=export
time=2026-02-15T22:05:31.492Z level=INFO msg="JSONL file created" path=/home/pi/pfarm/.beads/issues.jsonl
time=2026-02-15T22:05:31.499Z level=INFO msg="Exported to JSONL"
time=2026-02-15T22:05:31.499Z level=INFO msg="Export complete"
time=2026-02-15T22:05:32.493Z level=INFO msg="Import triggered by file change"
time=2026-02-15T22:05:32.494Z level=INFO msg="Starting auto-import" mode=auto-import
time=2026-02-15T22:05:32.499Z level=INFO msg="WARNING: Uncommitted local changes detected" path=/home/pi/pfarm/.beads/issues.jsonl
time=2026-02-15T22:05:32.499Z level=INFO msg="   Pulling from remote may overwrite local unpushed changes."
time=2026-02-15T22:05:32.499Z level=INFO msg="   Consider running 'bd sync' to commit and push your changes first."
time=2026-02-15T22:05:33.760Z level=INFO msg="Pulled from remote"
time=2026-02-15T22:05:33.760Z level=INFO msg="🔍 Checking JSONL content hash AFTER pull (fix: auto-pull-not-pulling)"
time=2026-02-15T22:05:33.761Z level=INFO msg="JSONL content changed, proceeding with operation..." mode=auto-import
time=2026-02-15T22:05:33.775Z level=INFO msg="Imported from JSONL"
time=2026-02-15T22:05:33.777Z level=INFO msg="Auto-import complete"
time=2026-02-15T22:14:59.265Z level=INFO msg="JSONL file created" path=/home/pi/pfarm/.beads/issues.jsonl
time=2026-02-15T22:14:59.265Z level=INFO msg="File change detected" path=/home/pi/pfarm/.beads/issues.jsonl
time=2026-02-15T22:15:00.265Z level=INFO msg="Import triggered by file change"
time=2026-02-15T22:15:00.266Z level=INFO msg="Starting auto-import" mode=auto-import
time=2026-02-15T22:15:00.270Z level=INFO msg="WARNING: Uncommitted local changes detected" path=/home/pi/pfarm/.beads/issues.jsonl
time=2026-02-15T22:15:00.270Z level=INFO msg="   Pulling from remote may overwrite local unpushed changes."
time=2026-02-15T22:15:00.270Z level=INFO msg="   Consider running 'bd sync' to commit and push your changes first."
time=2026-02-15T22:15:00.338Z level=INFO msg="JSONL file created" path=/home/pi/pfarm/.beads/issues.jsonl
time=2026-02-15T22:15:00.338Z level=INFO msg="File change detected" path=/home/pi/pfarm/.beads/issues.jsonl
time=2026-02-15T22:15:01.339Z level=INFO msg="Import triggered by file change"
time=2026-02-15T22:15:01.342Z level=INFO msg="Starting auto-import" mode=auto-import
time=2026-02-15T22:15:01.350Z level=INFO msg="WARNING: Uncommitted local changes detected" path=/home/pi/pfarm/.beads/issues.jsonl
time=2026-02-15T22:15:01.350Z level=INFO msg="   Pulling from remote may overwrite local unpushed changes."
time=2026-02-15T22:15:01.350Z level=INFO msg="   Consider running 'bd sync' to commit and push your changes first."
time=2026-02-15T22:15:01.530Z level=INFO msg="Pulled from remote"
time=2026-02-15T22:15:01.530Z level=INFO msg="🔍 Checking JSONL content hash AFTER pull (fix: auto-pull-not-pulling)"
time=2026-02-15T22:15:01.530Z level=INFO msg="Skipping: JSONL content unchanged" mode=auto-import
time=2026-02-15T22:15:02.602Z level=INFO msg="Pulled from remote"
time=2026-02-15T22:15:02.602Z level=INFO msg="🔍 Checking JSONL content hash AFTER pull (fix: auto-pull-not-pulling)"
time=2026-02-15T22:15:02.603Z level=INFO msg="Skipping: JSONL content unchanged" mode=auto-import
time=2026-02-15T22:15:15.075Z level=INFO msg="JSONL file created" path=/home/pi/pfarm/.beads/issues.jsonl
time=2026-02-15T22:15:15.075Z level=INFO msg="File change detected" path=/home/pi/pfarm/.beads/issues.jsonl
time=2026-02-15T22:15:16.076Z level=INFO msg="Import triggered by file change"
time=2026-02-15T22:15:16.079Z level=INFO msg="Starting auto-import" mode=auto-import
time=2026-02-15T22:15:16.319Z level=INFO msg="JSONL file created" path=/home/pi/pfarm/.beads/issues.jsonl
time=2026-02-15T22:15:16.319Z level=INFO msg="File change detected" path=/home/pi/pfarm/.beads/issues.jsonl
time=2026-02-15T22:15:17.304Z level=INFO msg="Pulled from remote"
time=2026-02-15T22:15:17.304Z level=INFO msg="🔍 Checking JSONL content hash AFTER pull (fix: auto-pull-not-pulling)"
time=2026-02-15T22:15:17.306Z level=INFO msg="Skipping: JSONL content unchanged" mode=auto-import
time=2026-02-15T22:15:17.320Z level=INFO msg="Import triggered by file change"
time=2026-02-15T22:15:17.321Z level=INFO msg="Starting auto-import" mode=auto-import
time=2026-02-15T22:15:18.394Z level=INFO msg="Pulled from remote"
time=2026-02-15T22:15:18.394Z level=INFO msg="🔍 Checking JSONL content hash AFTER pull (fix: auto-pull-not-pulling)"
time=2026-02-15T22:15:18.394Z level=INFO msg="Skipping: JSONL content unchanged" mode=auto-import
time=2026-02-15T22:15:35.565Z level=INFO msg="Mutation detected" type=status issue_id=PFarm1-h12
time=2026-02-15T22:15:36.065Z level=INFO msg="Export triggered by mutation events"
time=2026-02-15T22:15:36.066Z level=INFO msg=Starting mode=export
time=2026-02-15T22:15:36.082Z level=INFO msg="JSONL file created" path=/home/pi/pfarm/.beads/issues.jsonl
time=2026-02-15T22:15:36.082Z level=INFO msg="File change detected" path=/home/pi/pfarm/.beads/issues.jsonl
time=2026-02-15T22:15:36.090Z level=INFO msg="Exported to JSONL"
time=2026-02-15T22:15:36.090Z level=INFO msg="Export complete"
time=2026-02-15T22:15:37.083Z level=INFO msg="Import triggered by file change"
time=2026-02-15T22:15:37.084Z level=INFO msg="Starting auto-import" mode=auto-import
time=2026-02-15T22:15:37.089Z level=INFO msg="WARNING: Uncommitted local changes detected" path=/home/pi/pfarm/.beads/issues.jsonl
time=2026-02-15T22:15:37.089Z level=INFO msg="   Pulling from remote may overwrite local unpushed changes."
time=2026-02-15T22:15:37.089Z level=INFO msg="   Consider running 'bd sync' to commit and push your changes first."
time=2026-02-15T22:15:38.169Z level=INFO msg="Pulled from remote"
time=2026-02-15T22:15:38.169Z level=INFO msg="🔍 Checking JSONL content hash AFTER pull (fix: auto-pull-not-pulling)"
time=2026-02-15T22:15:38.169Z level=INFO msg="JSONL content changed, proceeding with operation..." mode=auto-import
time=2026-02-15T22:15:38.181Z level=INFO msg="Imported from JSONL"
time=2026-02-15T22:15:38.185Z level=INFO msg="Auto-import complete"
time=2026-02-15T22:53:59.392Z level=INFO msg="JSONL file created" path=/home/pi/pfarm/.beads/issues.jsonl
time=2026-02-15T22:53:59.392Z level=INFO msg="File change detected" path=/home/pi/pfarm/.beads/issues.jsonl
time=2026-02-15T22:54:00.393Z level=INFO msg="Import triggered by file change"
time=2026-02-15T22:54:00.396Z level=INFO msg="Starting auto-import" mode=auto-import
time=2026-02-15T22:54:01.842Z level=INFO msg="Pulled from remote"
time=2026-02-15T22:54:01.842Z level=INFO msg="🔍 Checking JSONL content hash AFTER pull (fix: auto-pull-not-pulling)"
time=2026-02-15T22:54:01.842Z level=INFO msg="Skipping: JSONL content unchanged" mode=auto-import
time=2026-02-15T22:54:30.842Z level=INFO msg="JSONL file created" path=/home/pi/pfarm/.beads/issues.jsonl
time=2026-02-15T22:54:30.842Z level=INFO msg="File change detected" path=/home/pi/pfarm/.beads/issues.jsonl
time=2026-02-15T22:54:31.843Z level=INFO msg="Import triggered by file change"
time=2026-02-15T22:54:31.844Z level=INFO msg="Starting auto-import" mode=auto-import
time=2026-02-15T22:54:32.949Z level=INFO msg="Pulled from remote"
time=2026-02-15T22:54:32.949Z level=INFO msg="🔍 Checking JSONL content hash AFTER pull (fix: auto-pull-not-pulling)"
time=2026-02-15T22:54:32.949Z level=INFO msg="Skipping: JSONL content unchanged" mode=auto-import
time=2026-02-15T22:54:40.829Z level=INFO msg="JSONL file created" path=/home/pi/pfarm/.beads/issues.jsonl
time=2026-02-15T22:54:40.829Z level=INFO msg="File change detected" path=/home/pi/pfarm/.beads/issues.jsonl
time=2026-02-15T22:54:41.830Z level=INFO msg="Import triggered by file change"
time=2026-02-15T22:54:41.833Z level=INFO msg="Starting auto-import" mode=auto-import
time=2026-02-15T22:54:43.108Z level=INFO msg="Pulled from remote"
time=2026-02-15T22:54:43.108Z level=INFO msg="🔍 Checking JSONL content hash AFTER pull (fix: auto-pull-not-pulling)"
time=2026-02-15T22:54:43.109Z level=INFO msg="Skipping: JSONL content unchanged" mode=auto-import
time=2026-02-15T22:54:51.726Z level=INFO msg="Mutation detected" type=status issue_id=PFarm1-h12
time=2026-02-15T22:54:52.226Z level=INFO msg="Export triggered by mutation events"
time=2026-02-15T22:54:52.227Z level=INFO msg=Starting mode=export
time=2026-02-15T22:54:52.245Z level=INFO msg="JSONL file created" path=/home/pi/pfarm/.beads/issues.jsonl
time=2026-02-15T22:54:52.245Z level=INFO msg="File change detected" path=/home/pi/pfarm/.beads/issues.jsonl
time=2026-02-15T22:54:52.254Z level=INFO msg="Exported to JSONL"
time=2026-02-15T22:54:52.254Z level=INFO msg="Export complete"
time=2026-02-15T22:54:53.247Z level=INFO msg="Import triggered by file change"
time=2026-02-15T22:54:53.247Z level=INFO msg="Starting auto-import" mode=auto-import
time=2026-02-15T22:54:53.253Z level=INFO msg="WARNING: Uncommitted local changes detected" path=/home/pi/pfarm/.beads/issues.jsonl
time=2026-02-15T22:54:53.253Z level=INFO msg="   Pulling from remote may overwrite local unpushed changes."
time=2026-02-15T22:54:53.253Z level=INFO msg="   Consider running 'bd sync' to commit and push your changes first."
time=2026-02-15T22:54:54.474Z level=INFO msg="Pulled from remote"
time=2026-02-15T22:54:54.474Z level=INFO msg="🔍 Checking JSONL content hash AFTER pull (fix: auto-pull-not-pulling)"
time=2026-02-15T22:54:54.474Z level=INFO msg="JSONL content changed, proceeding with operation..." mode=auto-import
time=2026-02-15T22:54:54.487Z level=INFO msg="Imported from JSONL"
time=2026-02-15T22:54:54.489Z level=INFO msg="Auto-import complete"
time=2026-02-15T22:56:42.001Z level=INFO msg="JSONL file created" path=/home/pi/pfarm/.beads/issues.jsonl
time=2026-02-15T22:56:42.001Z level=INFO msg="File change detected" path=/home/pi/pfarm/.beads/issues.jsonl
time=2026-02-15T22:56:43.002Z level=INFO msg="Import triggered by file change"
time=2026-02-15T22:56:43.005Z level=INFO msg="Starting auto-import" mode=auto-import
time=2026-02-15T22:56:44.060Z level=INFO msg="Pulled from remote"
time=2026-02-15T22:56:44.060Z level=INFO msg="🔍 Checking JSONL content hash AFTER pull (fix: auto-pull-not-pulling)"
time=2026-02-15T22:56:44.061Z level=INFO msg="Skipping: JSONL content unchanged" mode=auto-import
time=2026-02-15T22:56:50.496Z level=INFO msg="JSONL file created" path=/home/pi/pfarm/.beads/issues.jsonl
time=2026-02-15T22:56:50.497Z level=INFO msg="File change detected" path=/home/pi/pfarm/.beads/issues.jsonl
time=2026-02-15T22:56:51.498Z level=INFO msg="Import triggered by file change"
time=2026-02-15T22:56:51.500Z level=INFO msg="Starting auto-import" mode=auto-import
time=2026-02-15T22:56:52.505Z level=INFO msg="Pulled from remote"
time=2026-02-15T22:56:52.505Z level=INFO msg="🔍 Checking JSONL content hash AFTER pull (fix: auto-pull-not-pulling)"
time=2026-02-15T22:56:52.506Z level=INFO msg="Skipping: JSONL content unchanged" mode=auto-import
time=2026-02-15T22:59:17.509Z level=INFO msg="Mutation detected" type=create issue_id=PFarm1-kv4
time=2026-02-15T22:59:18.009Z level=INFO msg="Export triggered by mutation events"
time=2026-02-15T22:59:18.009Z level=INFO msg=Starting mode=export
time=2026-02-15T22:59:18.027Z level=INFO msg="JSONL file created" path=/home/pi/pfarm/.beads/issues.jsonl
time=2026-02-15T22:59:18.034Z level=INFO msg="Exported to JSONL"
time=2026-02-15T22:59:18.034Z level=INFO msg="Export complete"
time=2026-02-15T22:59:19.027Z level=INFO msg="Import triggered by file change"
time=2026-02-15T22:59:19.029Z level=INFO msg="Starting auto-import" mode=auto-import
time=2026-02-15T22:59:19.035Z level=INFO msg="WARNING: Uncommitted local changes detected" path=/home/pi/pfarm/.beads/issues.jsonl
time=2026-02-15T22:59:19.035Z level=INFO msg="   Pulling from remote may overwrite local unpushed changes."
time=2026-02-15T22:59:19.035Z level=INFO msg="   Consider running 'bd sync' to commit and push your changes first."
time=2026-02-15T22:59:20.049Z level=INFO msg="Pulled from remote"
time=2026-02-15T22:59:20.049Z level=INFO msg="🔍 Checking JSONL content hash AFTER pull (fix: auto-pull-not-pulling)"
time=2026-02-15T22:59:20.050Z level=INFO msg="JSONL content changed, proceeding with operation..." mode=auto-import
time=2026-02-15T22:59:20.064Z level=INFO msg="Imported from JSONL"
time=2026-02-15T22:59:20.065Z level=INFO msg="Auto-import complete"
time=2026-02-15T22:59:23.151Z level=INFO msg="Mutation detected" type=create issue_id=PFarm1-nil
time=2026-02-15T22:59:23.652Z level=INFO msg="Export triggered by mutation events"
time=2026-02-15T22:59:23.652Z level=INFO msg=Starting mode=export
time=2026-02-15T22:59:23.652Z level=INFO msg="JSONL changed externally, importing before export"
time=2026-02-15T22:59:23.666Z level=INFO msg="Auto-import complete, proceeding with export"
time=2026-02-15T22:59:23.683Z level=INFO msg="JSONL file created" path=/home/pi/pfarm/.beads/issues.jsonl
time=2026-02-15T22:59:23.692Z level=INFO msg="Exported to JSONL"
time=2026-02-15T22:59:23.692Z level=INFO msg="Export complete"
time=2026-02-15T22:59:24.684Z level=INFO msg="Import triggered by file change"
time=2026-02-15T22:59:24.685Z level=INFO msg="Starting auto-import" mode=auto-import
time=2026-02-15T22:59:24.690Z level=INFO msg="WARNING: Uncommitted local changes detected" path=/home/pi/pfarm/.beads/issues.jsonl
time=2026-02-15T22:59:24.690Z level=INFO msg="   Pulling from remote may overwrite local unpushed changes."
time=2026-02-15T22:59:24.690Z level=INFO msg="   Consider running 'bd sync' to commit and push your changes first."
time=2026-02-15T22:59:25.842Z level=INFO msg="Pulled from remote"
time=2026-02-15T22:59:25.842Z level=INFO msg="🔍 Checking JSONL content hash AFTER pull (fix: auto-pull-not-pulling)"
time=2026-02-15T22:59:25.842Z level=INFO msg="JSONL content changed, proceeding with operation..." mode=auto-import
time=2026-02-15T22:59:25.855Z level=INFO msg="Imported from JSONL"
time=2026-02-15T22:59:25.857Z level=INFO msg="Auto-import complete"
time=2026-02-15T22:59:29.094Z level=INFO msg="Mutation detected" type=create issue_id=PFarm1-6l4
time=2026-02-15T22:59:29.594Z level=INFO msg="Export triggered by mutation events"
time=2026-02-15T22:59:29.594Z level=INFO msg=Starting mode=export
time=2026-02-15T22:59:29.595Z level=INFO msg="JSONL changed externally, importing before export"
time=2026-02-15T22:59:29.611Z level=INFO msg="Auto-import complete, proceeding with export"
time=2026-02-15T22:59:29.626Z level=INFO msg="JSONL file created" path=/home/pi/pfarm/.beads/issues.jsonl
time=2026-02-15T22:59:29.635Z level=INFO msg="Exported to JSONL"
time=2026-02-15T22:59:29.635Z level=INFO msg="Export complete"
time=2026-02-15T22:59:30.627Z level=INFO msg="Import triggered by file change"
time=2026-02-15T22:59:30.628Z level=INFO msg="Starting auto-import" mode=auto-import
time=2026-02-15T22:59:30.633Z level=INFO msg="WARNING: Uncommitted local changes detected" path=/home/pi/pfarm/.beads/issues.jsonl
time=2026-02-15T22:59:30.633Z level=INFO msg="   Pulling from remote may overwrite local unpushed changes."
time=2026-02-15T22:59:30.633Z level=INFO msg="   Consider running 'bd sync' to commit and push your changes first."
time=2026-02-15T22:59:31.874Z level=INFO msg="Pulled from remote"
time=2026-02-15T22:59:31.874Z level=INFO msg="🔍 Checking JSONL content hash AFTER pull (fix: auto-pull-not-pulling)"
time=2026-02-15T22:59:31.874Z level=INFO msg="JSONL content changed, proceeding with operation..." mode=auto-import
time=2026-02-15T22:59:31.892Z level=INFO msg="Imported from JSONL"
time=2026-02-15T22:59:31.893Z level=INFO msg="Auto-import complete"
time=2026-02-15T22:59:33.741Z level=INFO msg="Mutation detected" type=create issue_id=PFarm1-24w
time=2026-02-15T22:59:34.241Z level=INFO msg="Export triggered by mutation events"
time=2026-02-15T22:59:34.242Z level=INFO msg=Starting mode=export
time=2026-02-15T22:59:34.242Z level=INFO msg="JSONL changed externally, importing before export"
time=2026-02-15T22:59:34.257Z level=INFO msg="Auto-import complete, proceeding with export"
time=2026-02-15T22:59:34.272Z level=INFO msg="JSONL file created" path=/home/pi/pfarm/.beads/issues.jsonl
time=2026-02-15T22:59:34.281Z level=INFO msg="Exported to JSONL"
time=2026-02-15T22:59:34.281Z level=INFO msg="Export complete"
time=2026-02-15T22:59:35.273Z level=INFO msg="Import triggered by file change"
time=2026-02-15T22:59:35.274Z level=INFO msg="Starting auto-import" mode=auto-import
time=2026-02-15T22:59:35.280Z level=INFO msg="WARNING: Uncommitted local changes detected" path=/home/pi/pfarm/.beads/issues.jsonl
time=2026-02-15T22:59:35.280Z level=INFO msg="   Pulling from remote may overwrite local unpushed changes."
time=2026-02-15T22:59:35.280Z level=INFO msg="   Consider running 'bd sync' to commit and push your changes first."
time=2026-02-15T22:59:36.260Z level=INFO msg="Pulled from remote"
time=2026-02-15T22:59:36.260Z level=INFO msg="🔍 Checking JSONL content hash AFTER pull (fix: auto-pull-not-pulling)"
time=2026-02-15T22:59:36.261Z level=INFO msg="JSONL content changed, proceeding with operation..." mode=auto-import
time=2026-02-15T22:59:36.275Z level=INFO msg="Imported from JSONL"
time=2026-02-15T22:59:36.276Z level=INFO msg="Auto-import complete"
time=2026-02-15T22:59:38.314Z level=INFO msg="Mutation detected" type=create issue_id=PFarm1-equ
time=2026-02-15T22:59:38.814Z level=INFO msg="Export triggered by mutation events"
time=2026-02-15T22:59:38.818Z level=INFO msg=Starting mode=export
time=2026-02-15T22:59:38.818Z level=INFO msg="JSONL changed externally, importing before export"
time=2026-02-15T22:59:38.840Z level=INFO msg="Auto-import complete, proceeding with export"
time=2026-02-15T22:59:38.857Z level=INFO msg="JSONL file created" path=/home/pi/pfarm/.beads/issues.jsonl
time=2026-02-15T22:59:38.866Z level=INFO msg="Exported to JSONL"
time=2026-02-15T22:59:38.866Z level=INFO msg="Export complete"
time=2026-02-15T22:59:39.858Z level=INFO msg="Import triggered by file change"
time=2026-02-15T22:59:39.859Z level=INFO msg="Starting auto-import" mode=auto-import
time=2026-02-15T22:59:39.865Z level=INFO msg="WARNING: Uncommitted local changes detected" path=/home/pi/pfarm/.beads/issues.jsonl
time=2026-02-15T22:59:39.865Z level=INFO msg="   Pulling from remote may overwrite local unpushed changes."
time=2026-02-15T22:59:39.865Z level=INFO msg="   Consider running 'bd sync' to commit and push your changes first."
time=2026-02-15T22:59:41.284Z level=INFO msg="Pulled from remote"
time=2026-02-15T22:59:41.284Z level=INFO msg="🔍 Checking JSONL content hash AFTER pull (fix: auto-pull-not-pulling)"
time=2026-02-15T22:59:41.284Z level=INFO msg="JSONL content changed, proceeding with operation..." mode=auto-import
time=2026-02-15T22:59:41.297Z level=INFO msg="Imported from JSONL"
time=2026-02-15T22:59:41.299Z level=INFO msg="Auto-import complete"
time=2026-02-15T23:01:06.949Z level=INFO msg="JSONL file created" path=/home/pi/pfarm/.beads/issues.jsonl
time=2026-02-15T23:01:06.949Z level=INFO msg="File change detected" path=/home/pi/pfarm/.beads/issues.jsonl
